time,C1,TOCO,all_non_zero
2017-07-25 22:00:52.457,162,5,True
2017-07-25 22:00:52.457,162,5,True
2017-07-25 22:00:52.457,161,5,True
2017-07-25 22:00:52.457,161,5,True
2017-07-25 22:00:52.457,162,5,True
2017-07-25 22:00:52.457,162,5,True
2017-07-25 22:00:52.457,161,5,True
2017-07-25 22:00:52.457,161,5,True
2017-07-25 22:00:53.455,161,5,True
2017-07-25 22:00:53.455,161,5,True
2017-07-25 22:00:53.455,161,5,True
2017-07-25 22:00:53.455,161,5,True
2017-07-25 22:00:53.455,161,5,True
2017-07-25 22:00:53.455,161,5,True
2017-07-25 22:00:53.455,161,5,True
2017-07-25 22:00:53.455,161,5,True
2017-07-25 22:00:54.462,162,5,True
2017-07-25 22:00:54.462,163,5,True
2017-07-25 22:00:54.462,163,4,True
2017-07-25 22:00:54.462,163,4,True
2017-07-25 22:00:54.462,162,5,True
2017-07-25 22:00:54.462,163,5,True
2017-07-25 22:00:54.462,163,4,True
2017-07-25 22:00:54.462,163,4,True
2017-07-25 22:00:55.454,163,4,True
2017-07-25 22:00:55.454,163,4,True
2017-07-25 22:00:55.454,163,4,True
2017-07-25 22:00:55.454,163,4,True
2017-07-25 22:00:55.454,163,4,True
2017-07-25 22:00:55.454,163,4,True
2017-07-25 22:00:55.454,163,4,True
2017-07-25 22:00:55.454,163,4,True
2017-07-25 22:00:56.460,163,4,True
2017-07-25 22:00:56.460,163,4,True
2017-07-25 22:00:56.460,163,4,True
2017-07-25 22:00:56.460,163,3,True
2017-07-25 22:00:56.460,163,4,True
2017-07-25 22:00:56.460,163,4,True
2017-07-25 22:00:56.460,163,4,True
2017-07-25 22:00:56.460,163,3,True
2017-07-25 22:00:57.452,163,3,True
2017-07-25 22:00:57.452,162,3,True
2017-07-25 22:00:57.452,162,3,True
2017-07-25 22:00:57.452,162,3,True
2017-07-25 22:00:57.452,163,3,True
2017-07-25 22:00:57.452,162,3,True
2017-07-25 22:00:57.452,162,3,True
2017-07-25 22:00:57.452,162,3,True
2017-07-25 22:00:58.457,162,3,True
2017-07-25 22:00:58.457,162,3,True
2017-07-25 22:00:58.457,162,3,True
2017-07-25 22:00:58.457,162,3,True
2017-07-25 22:00:58.457,162,3,True
2017-07-25 22:00:58.457,162,3,True
2017-07-25 22:00:58.457,162,3,True
2017-07-25 22:00:58.457,162,3,True
2017-07-25 22:00:59.447,162,3,True
2017-07-25 22:00:59.447,162,3,True
2017-07-25 22:00:59.447,162,3,True
2017-07-25 22:00:59.447,161,3,True
2017-07-25 22:00:59.447,162,3,True
2017-07-25 22:00:59.447,162,3,True
2017-07-25 22:00:59.447,162,3,True
2017-07-25 22:00:59.447,161,3,True
2017-07-25 22:01:00.455,161,3,True
2017-07-25 22:01:00.455,159,3,True
2017-07-25 22:01:00.455,158,3,True
2017-07-25 22:01:00.455,158,3,True
2017-07-25 22:01:00.455,161,3,True
2017-07-25 22:01:00.455,159,3,True
2017-07-25 22:01:00.455,158,3,True
2017-07-25 22:01:00.455,158,3,True
2017-07-25 22:01:01.449,157,3,True
2017-07-25 22:01:01.449,157,3,True
2017-07-25 22:01:01.449,157,2,True
2017-07-25 22:01:01.449,158,2,True
2017-07-25 22:01:01.449,157,3,True
2017-07-25 22:01:01.449,157,3,True
2017-07-25 22:01:01.449,157,2,True
2017-07-25 22:01:01.449,158,2,True
2017-07-25 22:01:02.451,157,2,True
2017-07-25 22:01:02.451,157,2,True
2017-07-25 22:01:02.451,158,2,True
2017-07-25 22:01:02.451,159,2,True
2017-07-25 22:01:02.451,157,2,True
2017-07-25 22:01:02.451,157,2,True
2017-07-25 22:01:02.451,158,2,True
2017-07-25 22:01:02.451,159,2,True
2017-07-25 22:01:03.473,159,2,True
2017-07-25 22:01:03.473,159,2,True
2017-07-25 22:01:03.473,159,2,True
2017-07-25 22:01:03.473,159,2,True
2017-07-25 22:01:03.473,159,2,True
2017-07-25 22:01:03.473,159,2,True
2017-07-25 22:01:03.473,159,2,True
2017-07-25 22:01:03.473,159,2,True
2017-07-25 22:01:04.450,159,2,True
2017-07-25 22:01:04.450,159,2,True
2017-07-25 22:01:04.450,159,2,True
2017-07-25 22:01:04.450,159,2,True
2017-07-25 22:01:04.450,159,2,True
2017-07-25 22:01:04.450,159,2,True
2017-07-25 22:01:04.450,159,2,True
2017-07-25 22:01:04.450,159,2,True
2017-07-25 22:01:05.460,160,2,True
2017-07-25 22:01:05.460,160,2,True
2017-07-25 22:01:05.460,162,2,True
2017-07-25 22:01:05.460,163,2,True
2017-07-25 22:01:05.460,160,2,True
2017-07-25 22:01:05.460,160,2,True
2017-07-25 22:01:05.460,162,2,True
2017-07-25 22:01:05.460,163,2,True
2017-07-25 22:01:06.449,163,2,True
2017-07-25 22:01:06.449,163,2,True
2017-07-25 22:01:06.449,163,3,True
2017-07-25 22:01:06.449,163,3,True
2017-07-25 22:01:06.449,163,2,True
2017-07-25 22:01:06.449,163,2,True
2017-07-25 22:01:06.449,163,3,True
2017-07-25 22:01:06.449,163,3,True
2017-07-25 22:01:07.467,163,3,True
2017-07-25 22:01:07.467,162,3,True
2017-07-25 22:01:07.467,162,3,True
2017-07-25 22:01:07.467,162,3,True
2017-07-25 22:01:07.467,163,3,True
2017-07-25 22:01:07.467,162,3,True
2017-07-25 22:01:07.467,162,3,True
2017-07-25 22:01:07.467,162,3,True
2017-07-25 22:01:08.452,163,3,True
2017-07-25 22:01:08.452,163,3,True
2017-07-25 22:01:08.452,163,3,True
2017-07-25 22:01:08.452,163,3,True
2017-07-25 22:01:08.452,163,3,True
2017-07-25 22:01:08.452,163,3,True
2017-07-25 22:01:08.452,163,3,True
2017-07-25 22:01:08.452,163,3,True
2017-07-25 22:01:09.467,163,3,True
2017-07-25 22:01:09.467,163,3,True
2017-07-25 22:01:09.467,163,3,True
2017-07-25 22:01:09.467,163,3,True
2017-07-25 22:01:09.467,163,3,True
2017-07-25 22:01:09.467,163,3,True
2017-07-25 22:01:09.467,163,3,True
2017-07-25 22:01:09.467,163,3,True
2017-07-25 22:01:10.445,163,3,True
2017-07-25 22:01:10.445,162,3,True
2017-07-25 22:01:10.445,162,3,True
2017-07-25 22:01:10.445,162,3,True
2017-07-25 22:01:10.445,163,3,True
2017-07-25 22:01:10.445,162,3,True
2017-07-25 22:01:10.445,162,3,True
2017-07-25 22:01:10.445,162,3,True
2017-07-25 22:01:11.471,162,3,True
2017-07-25 22:01:11.471,162,2,True
2017-07-25 22:01:11.471,162,2,True
2017-07-25 22:01:11.471,162,2,True
2017-07-25 22:01:11.471,162,3,True
2017-07-25 22:01:11.471,162,2,True
2017-07-25 22:01:11.471,162,2,True
2017-07-25 22:01:11.471,162,2,True
2017-07-25 22:01:12.446,161,2,True
2017-07-25 22:01:12.446,161,2,True
2017-07-25 22:01:12.446,160,2,True
2017-07-25 22:01:12.446,160,2,True
2017-07-25 22:01:12.446,161,2,True
2017-07-25 22:01:12.446,161,2,True
2017-07-25 22:01:12.446,160,2,True
2017-07-25 22:01:12.446,160,2,True
2017-07-25 22:01:13.460,160,2,True
2017-07-25 22:01:13.460,161,2,True
2017-07-25 22:01:13.460,161,2,True
2017-07-25 22:01:13.460,161,2,True
2017-07-25 22:01:13.460,160,2,True
2017-07-25 22:01:13.460,161,2,True
2017-07-25 22:01:13.460,161,2,True
2017-07-25 22:01:13.460,161,2,True
2017-07-25 22:01:14.452,162,2,True
2017-07-25 22:01:14.452,162,2,True
2017-07-25 22:01:14.452,162,3,True
2017-07-25 22:01:14.452,162,3,True
2017-07-25 22:01:14.452,162,2,True
2017-07-25 22:01:14.452,162,2,True
2017-07-25 22:01:14.452,162,3,True
2017-07-25 22:01:14.452,162,3,True
2017-07-25 22:01:15.457,162,3,True
2017-07-25 22:01:15.457,162,3,True
2017-07-25 22:01:15.457,163,3,True
2017-07-25 22:01:15.457,163,3,True
2017-07-25 22:01:15.457,162,3,True
2017-07-25 22:01:15.457,162,3,True
2017-07-25 22:01:15.457,163,3,True
2017-07-25 22:01:15.457,163,3,True
2017-07-25 22:01:16.446,163,3,True
2017-07-25 22:01:16.446,163,3,True
2017-07-25 22:01:16.446,163,3,True
2017-07-25 22:01:16.446,163,3,True
2017-07-25 22:01:16.446,163,3,True
2017-07-25 22:01:16.446,163,3,True
2017-07-25 22:01:16.446,163,3,True
2017-07-25 22:01:16.446,163,3,True
2017-07-25 22:01:17.454,163,3,True
2017-07-25 22:01:17.454,163,4,True
2017-07-25 22:01:17.454,163,4,True
2017-07-25 22:01:17.454,163,4,True
2017-07-25 22:01:17.454,163,3,True
2017-07-25 22:01:17.454,163,4,True
2017-07-25 22:01:17.454,163,4,True
2017-07-25 22:01:17.454,163,4,True
2017-07-25 22:01:18.459,163,5,True
2017-07-25 22:01:18.459,164,5,True
2017-07-25 22:01:18.459,164,5,True
2017-07-25 22:01:18.459,164,5,True
2017-07-25 22:01:18.459,163,5,True
2017-07-25 22:01:18.459,164,5,True
2017-07-25 22:01:18.459,164,5,True
2017-07-25 22:01:18.459,164,5,True
2017-07-25 22:01:19.454,164,5,True
2017-07-25 22:01:19.454,164,5,True
2017-07-25 22:01:19.454,164,5,True
2017-07-25 22:01:19.454,164,5,True
2017-07-25 22:01:19.454,164,5,True
2017-07-25 22:01:19.454,164,5,True
2017-07-25 22:01:19.454,164,5,True
2017-07-25 22:01:19.454,164,5,True
2017-07-25 22:01:20.463,164,4,True
2017-07-25 22:01:20.463,164,4,True
2017-07-25 22:01:20.463,165,4,True
2017-07-25 22:01:20.463,165,3,True
2017-07-25 22:01:20.463,164,4,True
2017-07-25 22:01:20.463,164,4,True
2017-07-25 22:01:20.463,165,4,True
2017-07-25 22:01:20.463,165,3,True
2017-07-25 22:01:21.447,165,4,True
2017-07-25 22:01:21.447,165,4,True
2017-07-25 22:01:21.447,165,4,True
2017-07-25 22:01:21.447,165,4,True
2017-07-25 22:01:21.447,165,4,True
2017-07-25 22:01:21.447,165,4,True
2017-07-25 22:01:21.447,165,4,True
2017-07-25 22:01:21.447,165,4,True
2017-07-25 22:01:22.452,165,4,True
2017-07-25 22:01:22.452,165,4,True
2017-07-25 22:01:22.452,165,4,True
2017-07-25 22:01:22.452,165,3,True
2017-07-25 22:01:22.452,165,4,True
2017-07-25 22:01:22.452,165,4,True
2017-07-25 22:01:22.452,165,4,True
2017-07-25 22:01:22.452,165,3,True
2017-07-25 22:01:23.472,165,3,True
2017-07-25 22:01:23.472,165,3,True
2017-07-25 22:01:23.472,165,3,True
2017-07-25 22:01:23.472,165,4,True
2017-07-25 22:01:23.472,165,3,True
2017-07-25 22:01:23.472,165,3,True
2017-07-25 22:01:23.472,165,3,True
2017-07-25 22:01:23.472,165,4,True
2017-07-25 22:01:24.450,165,4,True
2017-07-25 22:01:24.450,166,4,True
2017-07-25 22:01:24.450,165,4,True
2017-07-25 22:01:24.450,165,4,True
2017-07-25 22:01:24.450,165,4,True
2017-07-25 22:01:24.450,166,4,True
2017-07-25 22:01:24.450,165,4,True
2017-07-25 22:01:24.450,165,4,True
2017-07-25 22:01:25.449,165,4,True
2017-07-25 22:01:25.449,165,4,True
2017-07-25 22:01:25.449,165,3,True
2017-07-25 22:01:25.449,165,3,True
2017-07-25 22:01:25.449,165,4,True
2017-07-25 22:01:25.449,165,4,True
2017-07-25 22:01:25.449,165,3,True
2017-07-25 22:01:25.449,165,3,True
2017-07-25 22:01:26.457,165,3,True
2017-07-25 22:01:26.457,164,2,True
2017-07-25 22:01:26.457,164,2,True
2017-07-25 22:01:26.457,163,3,True
2017-07-25 22:01:26.457,165,3,True
2017-07-25 22:01:26.457,164,2,True
2017-07-25 22:01:26.457,164,2,True
2017-07-25 22:01:26.457,163,3,True
2017-07-25 22:01:27.453,163,3,True
2017-07-25 22:01:27.453,163,4,True
2017-07-25 22:01:27.453,163,4,True
2017-07-25 22:01:27.453,163,4,True
2017-07-25 22:01:27.453,163,3,True
2017-07-25 22:01:27.453,163,4,True
2017-07-25 22:01:27.453,163,4,True
2017-07-25 22:01:27.453,163,4,True
2017-07-25 22:01:28.454,163,4,True
2017-07-25 22:01:28.454,162,4,True
2017-07-25 22:01:28.454,161,4,True
2017-07-25 22:01:28.454,161,4,True
2017-07-25 22:01:28.454,163,4,True
2017-07-25 22:01:28.454,162,4,True
2017-07-25 22:01:28.454,161,4,True
2017-07-25 22:01:28.454,161,4,True
2017-07-25 22:01:29.449,159,4,True
2017-07-25 22:01:29.449,157,4,True
2017-07-25 22:01:29.449,157,4,True
2017-07-25 22:01:29.449,155,4,True
2017-07-25 22:01:29.449,159,4,True
2017-07-25 22:01:29.449,157,4,True
2017-07-25 22:01:29.449,157,4,True
2017-07-25 22:01:29.449,155,4,True
2017-07-25 22:01:30.457,153,4,True
2017-07-25 22:01:30.457,153,5,True
2017-07-25 22:01:30.457,153,5,True
2017-07-25 22:01:30.457,153,5,True
2017-07-25 22:01:30.457,153,4,True
2017-07-25 22:01:30.457,153,5,True
2017-07-25 22:01:30.457,153,5,True
2017-07-25 22:01:30.457,153,5,True
2017-07-25 22:01:31.468,152,5,True
2017-07-25 22:01:31.468,151,5,True
2017-07-25 22:01:31.468,151,5,True
2017-07-25 22:01:31.468,151,5,True
2017-07-25 22:01:31.468,152,5,True
2017-07-25 22:01:31.468,151,5,True
2017-07-25 22:01:31.468,151,5,True
2017-07-25 22:01:31.468,151,5,True
2017-07-25 22:01:32.453,150,4,True
2017-07-25 22:01:32.453,150,4,True
2017-07-25 22:01:32.453,150,4,True
2017-07-25 22:01:32.453,150,4,True
2017-07-25 22:01:32.453,150,4,True
2017-07-25 22:01:32.453,150,4,True
2017-07-25 22:01:32.453,150,4,True
2017-07-25 22:01:32.453,150,4,True
2017-07-25 22:01:33.466,150,4,True
2017-07-25 22:01:33.466,150,4,True
2017-07-25 22:01:33.466,150,4,True
2017-07-25 22:01:33.466,151,4,True
2017-07-25 22:01:33.466,150,4,True
2017-07-25 22:01:33.466,150,4,True
2017-07-25 22:01:33.466,150,4,True
2017-07-25 22:01:33.466,151,4,True
2017-07-25 22:01:34.451,152,4,True
2017-07-25 22:01:34.451,152,4,True
2017-07-25 22:01:34.451,152,4,True
2017-07-25 22:01:34.451,152,4,True
2017-07-25 22:01:34.451,152,4,True
2017-07-25 22:01:34.451,152,4,True
2017-07-25 22:01:34.451,152,4,True
2017-07-25 22:01:34.451,152,4,True
2017-07-25 22:01:35.440,152,4,True
2017-07-25 22:01:35.440,151,4,True
2017-07-25 22:01:35.440,151,4,True
2017-07-25 22:01:35.440,151,4,True
2017-07-25 22:01:35.440,152,4,True
2017-07-25 22:01:35.440,151,4,True
2017-07-25 22:01:35.440,151,4,True
2017-07-25 22:01:35.440,151,4,True
2017-07-25 22:01:36.450,152,4,True
2017-07-25 22:01:36.450,152,4,True
2017-07-25 22:01:36.450,153,4,True
2017-07-25 22:01:36.450,153,4,True
2017-07-25 22:01:36.450,152,4,True
2017-07-25 22:01:36.450,152,4,True
2017-07-25 22:01:36.450,153,4,True
2017-07-25 22:01:36.450,153,4,True
2017-07-25 22:01:37.472,153,4,True
2017-07-25 22:01:37.472,154,4,True
2017-07-25 22:01:37.472,156,4,True
2017-07-25 22:01:37.472,156,4,True
2017-07-25 22:01:37.472,153,4,True
2017-07-25 22:01:37.472,154,4,True
2017-07-25 22:01:37.472,156,4,True
2017-07-25 22:01:37.472,156,4,True
2017-07-25 22:01:38.492,156,4,True
2017-07-25 22:01:38.492,157,4,True
2017-07-25 22:01:38.492,157,4,True
2017-07-25 22:01:38.492,157,4,True
2017-07-25 22:01:38.492,156,4,True
2017-07-25 22:01:38.492,157,4,True
2017-07-25 22:01:38.492,157,4,True
2017-07-25 22:01:38.492,157,4,True
2017-07-25 22:01:39.463,158,3,True
2017-07-25 22:01:39.463,158,3,True
2017-07-25 22:01:39.463,159,2,True
2017-07-25 22:01:39.463,159,2,True
2017-07-25 22:01:39.463,158,3,True
2017-07-25 22:01:39.463,158,3,True
2017-07-25 22:01:39.463,159,2,True
2017-07-25 22:01:39.463,159,2,True
2017-07-25 22:01:40.445,159,1,True
2017-07-25 22:01:40.445,159,2,True
2017-07-25 22:01:40.445,159,2,True
2017-07-25 22:01:40.445,159,2,True
2017-07-25 22:01:40.445,159,1,True
2017-07-25 22:01:40.445,159,2,True
2017-07-25 22:01:40.445,159,2,True
2017-07-25 22:01:40.445,159,2,True
2017-07-25 22:01:41.461,159,2,True
2017-07-25 22:01:41.461,159,2,True
2017-07-25 22:01:41.461,159,2,True
2017-07-25 22:01:41.461,159,2,True
2017-07-25 22:01:41.461,159,2,True
2017-07-25 22:01:41.461,159,2,True
2017-07-25 22:01:41.461,159,2,True
2017-07-25 22:01:41.461,159,2,True
2017-07-25 22:01:42.449,159,2,True
2017-07-25 22:01:42.449,159,3,True
2017-07-25 22:01:42.449,159,3,True
2017-07-25 22:01:42.449,159,3,True
2017-07-25 22:01:42.449,159,2,True
2017-07-25 22:01:42.449,159,3,True
2017-07-25 22:01:42.449,159,3,True
2017-07-25 22:01:42.449,159,3,True
2017-07-25 22:01:43.458,159,3,True
2017-07-25 22:01:43.458,159,3,True
2017-07-25 22:01:43.458,159,3,True
2017-07-25 22:01:43.458,158,3,True
2017-07-25 22:01:43.458,159,3,True
2017-07-25 22:01:43.458,159,3,True
2017-07-25 22:01:43.458,159,3,True
2017-07-25 22:01:43.458,158,3,True
2017-07-25 22:01:44.444,158,3,True
2017-07-25 22:01:44.444,158,3,True
2017-07-25 22:01:44.444,158,3,True
2017-07-25 22:01:44.444,157,2,True
2017-07-25 22:01:44.444,158,3,True
2017-07-25 22:01:44.444,158,3,True
2017-07-25 22:01:44.444,158,3,True
2017-07-25 22:01:44.444,157,2,True
2017-07-25 22:01:45.456,157,2,True
2017-07-25 22:01:45.456,157,2,True
2017-07-25 22:01:45.456,157,2,True
2017-07-25 22:01:45.456,157,2,True
2017-07-25 22:01:45.456,157,2,True
2017-07-25 22:01:45.456,157,2,True
2017-07-25 22:01:45.456,157,2,True
2017-07-25 22:01:45.456,157,2,True
2017-07-25 22:01:46.458,158,2,True
2017-07-25 22:01:46.458,159,2,True
2017-07-25 22:01:46.458,159,2,True
2017-07-25 22:01:46.458,160,2,True
2017-07-25 22:01:46.458,158,2,True
2017-07-25 22:01:46.458,159,2,True
2017-07-25 22:01:46.458,159,2,True
2017-07-25 22:01:46.458,160,2,True
2017-07-25 22:01:47.457,161,2,True
2017-07-25 22:01:47.457,161,2,True
2017-07-25 22:01:47.457,161,2,True
2017-07-25 22:01:47.457,161,2,True
2017-07-25 22:01:47.457,161,2,True
2017-07-25 22:01:47.457,161,2,True
2017-07-25 22:01:47.457,161,2,True
2017-07-25 22:01:47.457,161,2,True
2017-07-25 22:01:48.456,161,2,True
2017-07-25 22:01:48.456,161,2,True
2017-07-25 22:01:48.456,160,2,True
2017-07-25 22:01:48.456,160,2,True
2017-07-25 22:01:48.456,161,2,True
2017-07-25 22:01:48.456,161,2,True
2017-07-25 22:01:48.456,160,2,True
2017-07-25 22:01:48.456,160,2,True
2017-07-25 22:01:49.452,159,2,True
2017-07-25 22:01:49.452,159,2,True
2017-07-25 22:01:49.452,159,2,True
2017-07-25 22:01:49.452,160,3,True
2017-07-25 22:01:49.452,159,2,True
2017-07-25 22:01:49.452,159,2,True
2017-07-25 22:01:49.452,159,2,True
2017-07-25 22:01:49.452,160,3,True
2017-07-25 22:01:50.438,160,3,True
2017-07-25 22:01:50.438,160,3,True
2017-07-25 22:01:50.438,160,4,True
2017-07-25 22:01:50.438,161,4,True
2017-07-25 22:01:50.438,160,3,True
2017-07-25 22:01:50.438,160,3,True
2017-07-25 22:01:50.438,160,4,True
2017-07-25 22:01:50.438,161,4,True
2017-07-25 22:01:51.451,161,5,True
2017-07-25 22:01:51.451,161,5,True
2017-07-25 22:01:51.451,161,5,True
2017-07-25 22:01:51.451,161,4,True
2017-07-25 22:01:51.451,161,5,True
2017-07-25 22:01:51.451,161,5,True
2017-07-25 22:01:51.451,161,5,True
2017-07-25 22:01:51.451,161,4,True
2017-07-25 22:01:52.453,161,3,True
2017-07-25 22:01:52.453,162,3,True
2017-07-25 22:01:52.453,162,3,True
2017-07-25 22:01:52.453,162,2,True
2017-07-25 22:01:52.453,161,3,True
2017-07-25 22:01:52.453,162,3,True
2017-07-25 22:01:52.453,162,3,True
2017-07-25 22:01:52.453,162,2,True
2017-07-25 22:01:53.448,162,2,True
2017-07-25 22:01:53.448,163,2,True
2017-07-25 22:01:53.448,163,2,True
2017-07-25 22:01:53.448,163,2,True
2017-07-25 22:01:53.448,162,2,True
2017-07-25 22:01:53.448,163,2,True
2017-07-25 22:01:53.448,163,2,True
2017-07-25 22:01:53.448,163,2,True
2017-07-25 22:01:54.452,163,2,True
2017-07-25 22:01:54.452,163,2,True
2017-07-25 22:01:54.452,163,2,True
2017-07-25 22:01:54.452,163,2,True
2017-07-25 22:01:54.452,163,2,True
2017-07-25 22:01:54.452,163,2,True
2017-07-25 22:01:54.452,163,2,True
2017-07-25 22:01:54.452,163,2,True
2017-07-25 22:01:55.463,163,3,True
2017-07-25 22:01:55.463,163,3,True
2017-07-25 22:01:55.463,163,3,True
2017-07-25 22:01:55.463,163,3,True
2017-07-25 22:01:55.463,163,3,True
2017-07-25 22:01:55.463,163,3,True
2017-07-25 22:01:55.463,163,3,True
2017-07-25 22:01:55.463,163,3,True
2017-07-25 22:01:56.457,163,3,True
2017-07-25 22:01:56.457,163,3,True
2017-07-25 22:01:56.457,163,3,True
2017-07-25 22:01:56.457,163,3,True
2017-07-25 22:01:56.457,163,3,True
2017-07-25 22:01:56.457,163,3,True
2017-07-25 22:01:56.457,163,3,True
2017-07-25 22:01:56.457,163,3,True
2017-07-25 22:01:57.450,163,3,True
2017-07-25 22:01:57.450,163,3,True
2017-07-25 22:01:57.450,164,3,True
2017-07-25 22:01:57.450,163,3,True
2017-07-25 22:01:57.450,163,3,True
2017-07-25 22:01:57.450,163,3,True
2017-07-25 22:01:57.450,164,3,True
2017-07-25 22:01:57.450,163,3,True
2017-07-25 22:01:58.456,163,3,True
2017-07-25 22:01:58.456,163,3,True
2017-07-25 22:01:58.456,163,4,True
2017-07-25 22:01:58.456,162,4,True
2017-07-25 22:01:58.456,163,3,True
2017-07-25 22:01:58.456,163,3,True
2017-07-25 22:01:58.456,163,4,True
2017-07-25 22:01:58.456,162,4,True
2017-07-25 22:01:59.444,162,4,True
2017-07-25 22:01:59.444,162,4,True
2017-07-25 22:01:59.444,163,4,True
2017-07-25 22:01:59.444,163,4,True
2017-07-25 22:01:59.444,162,4,True
2017-07-25 22:01:59.444,162,4,True
2017-07-25 22:01:59.444,163,4,True
2017-07-25 22:01:59.444,163,4,True
2017-07-25 22:02:00.457,163,4,True
2017-07-25 22:02:00.457,163,4,True
2017-07-25 22:02:00.457,163,4,True
2017-07-25 22:02:00.457,163,4,True
2017-07-25 22:02:00.457,163,4,True
2017-07-25 22:02:00.457,163,4,True
2017-07-25 22:02:00.457,163,4,True
2017-07-25 22:02:00.457,163,4,True
2017-07-25 22:02:01.462,162,4,True
2017-07-25 22:02:01.462,162,4,True
2017-07-25 22:02:01.462,161,4,True
2017-07-25 22:02:01.462,160,4,True
2017-07-25 22:02:01.462,162,4,True
2017-07-25 22:02:01.462,162,4,True
2017-07-25 22:02:01.462,161,4,True
2017-07-25 22:02:01.462,160,4,True
2017-07-25 22:02:02.452,160,4,True
2017-07-25 22:02:02.452,160,4,True
2017-07-25 22:02:02.452,161,4,True
2017-07-25 22:02:02.452,161,4,True
2017-07-25 22:02:02.452,160,4,True
2017-07-25 22:02:02.452,160,4,True
2017-07-25 22:02:02.452,161,4,True
2017-07-25 22:02:02.452,161,4,True
2017-07-25 22:02:03.482,161,4,True
2017-07-25 22:02:03.482,160,4,True
2017-07-25 22:02:03.482,160,4,True
2017-07-25 22:02:03.482,160,4,True
2017-07-25 22:02:03.482,161,4,True
2017-07-25 22:02:03.482,160,4,True
2017-07-25 22:02:03.482,160,4,True
2017-07-25 22:02:03.482,160,4,True
2017-07-25 22:02:04.449,159,4,True
2017-07-25 22:02:04.449,159,4,True
2017-07-25 22:02:04.449,159,4,True
2017-07-25 22:02:04.449,159,4,True
2017-07-25 22:02:04.449,159,4,True
2017-07-25 22:02:04.449,159,4,True
2017-07-25 22:02:04.449,159,4,True
2017-07-25 22:02:04.449,159,4,True
2017-07-25 22:02:05.443,159,4,True
2017-07-25 22:02:05.443,159,4,True
2017-07-25 22:02:05.443,158,4,True
2017-07-25 22:02:05.443,158,4,True
2017-07-25 22:02:05.443,159,4,True
2017-07-25 22:02:05.443,159,4,True
2017-07-25 22:02:05.443,158,4,True
2017-07-25 22:02:05.443,158,4,True
2017-07-25 22:02:06.445,158,4,True
2017-07-25 22:02:06.445,158,4,True
2017-07-25 22:02:06.445,158,4,True
2017-07-25 22:02:06.445,158,4,True
2017-07-25 22:02:06.445,158,4,True
2017-07-25 22:02:06.445,158,4,True
2017-07-25 22:02:06.445,158,4,True
2017-07-25 22:02:06.445,158,4,True
2017-07-25 22:02:07.458,158,4,True
2017-07-25 22:02:07.458,158,4,True
2017-07-25 22:02:07.458,159,4,True
2017-07-25 22:02:07.458,160,4,True
2017-07-25 22:02:07.458,158,4,True
2017-07-25 22:02:07.458,158,4,True
2017-07-25 22:02:07.458,159,4,True
2017-07-25 22:02:07.458,160,4,True
2017-07-25 22:02:08.444,160,4,True
2017-07-25 22:02:08.444,160,5,True
2017-07-25 22:02:08.444,161,5,True
2017-07-25 22:02:08.444,161,5,True
2017-07-25 22:02:08.444,160,4,True
2017-07-25 22:02:08.444,160,5,True
2017-07-25 22:02:08.444,161,5,True
2017-07-25 22:02:08.444,161,5,True
2017-07-25 22:02:09.468,160,5,True
2017-07-25 22:02:09.468,159,5,True
2017-07-25 22:02:09.468,159,5,True
2017-07-25 22:02:09.468,159,5,True
2017-07-25 22:02:09.468,160,5,True
2017-07-25 22:02:09.468,159,5,True
2017-07-25 22:02:09.468,159,5,True
2017-07-25 22:02:09.468,159,5,True
2017-07-25 22:02:10.446,159,5,True
2017-07-25 22:02:10.446,159,5,True
2017-07-25 22:02:10.446,160,5,True
2017-07-25 22:02:10.446,160,4,True
2017-07-25 22:02:10.446,159,5,True
2017-07-25 22:02:10.446,159,5,True
2017-07-25 22:02:10.446,160,5,True
2017-07-25 22:02:10.446,160,4,True
2017-07-25 22:02:11.462,160,4,True
2017-07-25 22:02:11.462,160,4,True
2017-07-25 22:02:11.462,160,4,True
2017-07-25 22:02:11.462,160,4,True
2017-07-25 22:02:11.462,160,4,True
2017-07-25 22:02:11.462,160,4,True
2017-07-25 22:02:11.462,160,4,True
2017-07-25 22:02:11.462,160,4,True
2017-07-25 22:02:12.443,161,4,True
2017-07-25 22:02:12.443,161,3,True
2017-07-25 22:02:12.443,161,3,True
2017-07-25 22:02:12.443,161,3,True
2017-07-25 22:02:12.443,161,4,True
2017-07-25 22:02:12.443,161,3,True
2017-07-25 22:02:12.443,161,3,True
2017-07-25 22:02:12.443,161,3,True
2017-07-25 22:02:13.453,161,2,True
2017-07-25 22:02:13.453,161,2,True
2017-07-25 22:02:13.453,162,3,True
2017-07-25 22:02:13.453,162,3,True
2017-07-25 22:02:13.453,161,2,True
2017-07-25 22:02:13.453,161,2,True
2017-07-25 22:02:13.453,162,3,True
2017-07-25 22:02:13.453,162,3,True
2017-07-25 22:02:14.447,162,3,True
2017-07-25 22:02:14.447,163,3,True
2017-07-25 22:02:14.447,163,4,True
2017-07-25 22:02:14.447,163,4,True
2017-07-25 22:02:14.447,162,3,True
2017-07-25 22:02:14.447,163,3,True
2017-07-25 22:02:14.447,163,4,True
2017-07-25 22:02:14.447,163,4,True
2017-07-25 22:02:15.466,163,4,True
2017-07-25 22:02:15.466,163,4,True
2017-07-25 22:02:15.466,163,4,True
2017-07-25 22:02:15.466,164,3,True
2017-07-25 22:02:15.466,163,4,True
2017-07-25 22:02:15.466,163,4,True
2017-07-25 22:02:15.466,163,4,True
2017-07-25 22:02:15.466,164,3,True
2017-07-25 22:02:16.457,163,3,True
2017-07-25 22:02:16.457,163,4,True
2017-07-25 22:02:16.457,163,4,True
2017-07-25 22:02:16.457,163,4,True
2017-07-25 22:02:16.457,163,3,True
2017-07-25 22:02:16.457,163,4,True
2017-07-25 22:02:16.457,163,4,True
2017-07-25 22:02:16.457,163,4,True
2017-07-25 22:02:17.456,164,4,True
2017-07-25 22:02:17.456,164,4,True
2017-07-25 22:02:17.456,165,4,True
2017-07-25 22:02:17.456,166,4,True
2017-07-25 22:02:17.456,164,4,True
2017-07-25 22:02:17.456,164,4,True
2017-07-25 22:02:17.456,165,4,True
2017-07-25 22:02:17.456,166,4,True
2017-07-25 22:02:18.445,166,4,True
2017-07-25 22:02:18.445,166,5,True
2017-07-25 22:02:18.445,167,5,True
2017-07-25 22:02:18.445,167,5,True
2017-07-25 22:02:18.445,166,4,True
2017-07-25 22:02:18.445,166,5,True
2017-07-25 22:02:18.445,167,5,True
2017-07-25 22:02:18.445,167,5,True
2017-07-25 22:02:19.452,168,6,True
2017-07-25 22:02:19.452,168,6,True
2017-07-25 22:02:19.452,169,6,True
2017-07-25 22:02:19.452,169,6,True
2017-07-25 22:02:19.452,168,6,True
2017-07-25 22:02:19.452,168,6,True
2017-07-25 22:02:19.452,169,6,True
2017-07-25 22:02:19.452,169,6,True
2017-07-25 22:02:20.440,170,6,True
2017-07-25 22:02:20.440,169,6,True
2017-07-25 22:02:20.440,169,6,True
2017-07-25 22:02:20.440,169,5,True
2017-07-25 22:02:20.440,170,6,True
2017-07-25 22:02:20.440,169,6,True
2017-07-25 22:02:20.440,169,6,True
2017-07-25 22:02:20.440,169,5,True
2017-07-25 22:02:21.452,169,5,True
2017-07-25 22:02:21.452,169,5,True
2017-07-25 22:02:21.452,169,5,True
2017-07-25 22:02:21.452,169,5,True
2017-07-25 22:02:21.452,169,5,True
2017-07-25 22:02:21.452,169,5,True
2017-07-25 22:02:21.452,169,5,True
2017-07-25 22:02:21.452,169,5,True
2017-07-25 22:02:22.454,169,5,True
2017-07-25 22:02:22.454,169,5,True
2017-07-25 22:02:22.454,169,5,True
2017-07-25 22:02:22.454,169,5,True
2017-07-25 22:02:22.454,169,5,True
2017-07-25 22:02:22.454,169,5,True
2017-07-25 22:02:22.454,169,5,True
2017-07-25 22:02:22.454,169,5,True
2017-07-25 22:02:23.449,169,5,True
2017-07-25 22:02:23.449,169,5,True
2017-07-25 22:02:23.449,168,4,True
2017-07-25 22:02:23.449,167,5,True
2017-07-25 22:02:23.449,169,5,True
2017-07-25 22:02:23.449,169,5,True
2017-07-25 22:02:23.449,168,4,True
2017-07-25 22:02:23.449,167,5,True
2017-07-25 22:02:24.451,167,5,True
2017-07-25 22:02:24.451,167,5,True
2017-07-25 22:02:24.451,167,5,True
2017-07-25 22:02:24.451,167,5,True
2017-07-25 22:02:24.451,167,5,True
2017-07-25 22:02:24.451,167,5,True
2017-07-25 22:02:24.451,167,5,True
2017-07-25 22:02:24.451,167,5,True
2017-07-25 22:02:25.448,166,5,True
2017-07-25 22:02:25.448,165,5,True
2017-07-25 22:02:25.448,165,5,True
2017-07-25 22:02:25.448,165,5,True
2017-07-25 22:02:25.448,166,5,True
2017-07-25 22:02:25.448,165,5,True
2017-07-25 22:02:25.448,165,5,True
2017-07-25 22:02:25.448,165,5,True
2017-07-25 22:02:26.458,164,5,True
2017-07-25 22:02:26.458,164,5,True
2017-07-25 22:02:26.458,163,6,True
2017-07-25 22:02:26.458,163,6,True
2017-07-25 22:02:26.458,164,5,True
2017-07-25 22:02:26.458,164,5,True
2017-07-25 22:02:26.458,163,6,True
2017-07-25 22:02:26.458,163,6,True
2017-07-25 22:02:27.445,163,6,True
2017-07-25 22:02:27.445,163,6,True
2017-07-25 22:02:27.445,162,6,True
2017-07-25 22:02:27.445,162,6,True
2017-07-25 22:02:27.445,163,6,True
2017-07-25 22:02:27.445,163,6,True
2017-07-25 22:02:27.445,162,6,True
2017-07-25 22:02:27.445,162,6,True
2017-07-25 22:02:28.452,162,6,True
2017-07-25 22:02:28.452,162,6,True
2017-07-25 22:02:28.452,162,6,True
2017-07-25 22:02:28.452,161,6,True
2017-07-25 22:02:28.452,162,6,True
2017-07-25 22:02:28.452,162,6,True
2017-07-25 22:02:28.452,162,6,True
2017-07-25 22:02:28.452,161,6,True
2017-07-25 22:02:29.480,161,6,True
2017-07-25 22:02:29.480,161,6,True
2017-07-25 22:02:29.480,161,7,True
2017-07-25 22:02:29.480,161,8,True
2017-07-25 22:02:29.480,161,6,True
2017-07-25 22:02:29.480,161,6,True
2017-07-25 22:02:29.480,161,7,True
2017-07-25 22:02:29.480,161,8,True
2017-07-25 22:02:30.467,160,8,True
2017-07-25 22:02:30.467,160,9,True
2017-07-25 22:02:30.467,158,9,True
2017-07-25 22:02:30.467,158,9,True
2017-07-25 22:02:30.467,160,8,True
2017-07-25 22:02:30.467,160,9,True
2017-07-25 22:02:30.467,158,9,True
2017-07-25 22:02:30.467,158,9,True
2017-07-25 22:02:31.463,158,9,True
2017-07-25 22:02:31.463,158,9,True
2017-07-25 22:02:31.463,158,9,True
2017-07-25 22:02:31.463,158,8,True
2017-07-25 22:02:31.463,158,9,True
2017-07-25 22:02:31.463,158,9,True
2017-07-25 22:02:31.463,158,9,True
2017-07-25 22:02:31.463,158,8,True
2017-07-25 22:02:32.470,158,8,True
2017-07-25 22:02:32.470,158,7,True
2017-07-25 22:02:32.470,159,7,True
2017-07-25 22:02:32.470,159,7,True
2017-07-25 22:02:32.470,158,8,True
2017-07-25 22:02:32.470,158,7,True
2017-07-25 22:02:32.470,159,7,True
2017-07-25 22:02:32.470,159,7,True
2017-07-25 22:02:33.448,159,6,True
2017-07-25 22:02:33.448,159,6,True
2017-07-25 22:02:33.448,159,6,True
2017-07-25 22:02:33.448,159,5,True
2017-07-25 22:02:33.448,159,6,True
2017-07-25 22:02:33.448,159,6,True
2017-07-25 22:02:33.448,159,6,True
2017-07-25 22:02:33.448,159,5,True
2017-07-25 22:02:34.451,159,5,True
2017-07-25 22:02:34.451,159,5,True
2017-07-25 22:02:34.451,159,5,True
2017-07-25 22:02:34.451,159,5,True
2017-07-25 22:02:34.451,159,5,True
2017-07-25 22:02:34.451,159,5,True
2017-07-25 22:02:34.451,159,5,True
2017-07-25 22:02:34.451,159,5,True
2017-07-25 22:02:35.463,160,5,True
2017-07-25 22:02:35.463,160,5,True
2017-07-25 22:02:35.463,160,5,True
2017-07-25 22:02:35.463,160,5,True
2017-07-25 22:02:35.463,160,5,True
2017-07-25 22:02:35.463,160,5,True
2017-07-25 22:02:35.463,160,5,True
2017-07-25 22:02:35.463,160,5,True
2017-07-25 22:02:36.453,160,5,True
2017-07-25 22:02:36.453,160,5,True
2017-07-25 22:02:36.453,160,5,True
2017-07-25 22:02:36.453,160,5,True
2017-07-25 22:02:36.453,160,5,True
2017-07-25 22:02:36.453,160,5,True
2017-07-25 22:02:36.453,160,5,True
2017-07-25 22:02:36.453,160,5,True
2017-07-25 22:02:37.457,160,5,True
2017-07-25 22:02:37.457,160,4,True
2017-07-25 22:02:37.457,160,4,True
2017-07-25 22:02:37.457,160,4,True
2017-07-25 22:02:37.457,160,5,True
2017-07-25 22:02:37.457,160,4,True
2017-07-25 22:02:37.457,160,4,True
2017-07-25 22:02:37.457,160,4,True
2017-07-25 22:02:38.450,161,5,True
2017-07-25 22:02:38.450,161,5,True
2017-07-25 22:02:38.450,161,6,True
2017-07-25 22:02:38.450,161,7,True
2017-07-25 22:02:38.450,161,5,True
2017-07-25 22:02:38.450,161,5,True
2017-07-25 22:02:38.450,161,6,True
2017-07-25 22:02:38.450,161,7,True
2017-07-25 22:02:39.436,161,7,True
2017-07-25 22:02:39.436,161,7,True
2017-07-25 22:02:39.436,161,7,True
2017-07-25 22:02:39.436,161,7,True
2017-07-25 22:02:39.436,161,7,True
2017-07-25 22:02:39.436,161,7,True
2017-07-25 22:02:39.436,161,7,True
2017-07-25 22:02:39.436,161,7,True
2017-07-25 22:02:40.446,160,7,True
2017-07-25 22:02:40.446,159,6,True
2017-07-25 22:02:40.446,159,6,True
2017-07-25 22:02:40.446,159,6,True
2017-07-25 22:02:40.446,160,7,True
2017-07-25 22:02:40.446,159,6,True
2017-07-25 22:02:40.446,159,6,True
2017-07-25 22:02:40.446,159,6,True
2017-07-25 22:02:41.454,159,5,True
2017-07-25 22:02:41.454,159,5,True
2017-07-25 22:02:41.454,159,5,True
2017-07-25 22:02:41.454,159,5,True
2017-07-25 22:02:41.454,159,5,True
2017-07-25 22:02:41.454,159,5,True
2017-07-25 22:02:41.454,159,5,True
2017-07-25 22:02:41.454,159,5,True
2017-07-25 22:02:42.448,159,5,True
2017-07-25 22:02:42.448,159,5,True
2017-07-25 22:02:42.448,159,5,True
2017-07-25 22:02:42.448,159,5,True
2017-07-25 22:02:42.448,159,5,True
2017-07-25 22:02:42.448,159,5,True
2017-07-25 22:02:42.448,159,5,True
2017-07-25 22:02:42.448,159,5,True
2017-07-25 22:02:43.464,159,5,True
2017-07-25 22:02:43.464,159,5,True
2017-07-25 22:02:43.464,159,5,True
2017-07-25 22:02:43.464,159,5,True
2017-07-25 22:02:43.464,159,5,True
2017-07-25 22:02:43.464,159,5,True
2017-07-25 22:02:43.464,159,5,True
2017-07-25 22:02:43.464,159,5,True
2017-07-25 22:02:44.445,159,5,True
2017-07-25 22:02:44.445,159,5,True
2017-07-25 22:02:44.445,159,5,True
2017-07-25 22:02:44.445,159,4,True
2017-07-25 22:02:44.445,159,5,True
2017-07-25 22:02:44.445,159,5,True
2017-07-25 22:02:44.445,159,5,True
2017-07-25 22:02:44.445,159,4,True
2017-07-25 22:02:45.586,159,5,True
2017-07-25 22:02:45.586,160,5,True
2017-07-25 22:02:45.586,160,5,True
2017-07-25 22:02:45.586,160,5,True
2017-07-25 22:02:45.586,159,5,True
2017-07-25 22:02:45.586,160,5,True
2017-07-25 22:02:45.586,160,5,True
2017-07-25 22:02:45.586,160,5,True
2017-07-25 22:02:46.447,160,5,True
2017-07-25 22:02:46.447,159,5,True
2017-07-25 22:02:46.447,159,5,True
2017-07-25 22:02:46.447,158,5,True
2017-07-25 22:02:46.447,160,5,True
2017-07-25 22:02:46.447,159,5,True
2017-07-25 22:02:46.447,159,5,True
2017-07-25 22:02:46.447,158,5,True
2017-07-25 22:02:47.457,157,5,True
2017-07-25 22:02:47.457,157,5,True
2017-07-25 22:02:47.457,157,4,True
2017-07-25 22:02:47.457,157,4,True
2017-07-25 22:02:47.457,157,5,True
2017-07-25 22:02:47.457,157,5,True
2017-07-25 22:02:47.457,157,4,True
2017-07-25 22:02:47.457,157,4,True
2017-07-25 22:02:48.440,157,4,True
2017-07-25 22:02:48.440,156,4,True
2017-07-25 22:02:48.440,155,4,True
2017-07-25 22:02:48.440,155,4,True
2017-07-25 22:02:48.440,157,4,True
2017-07-25 22:02:48.440,156,4,True
2017-07-25 22:02:48.440,155,4,True
2017-07-25 22:02:48.440,155,4,True
2017-07-25 22:02:49.458,154,3,True
2017-07-25 22:02:49.458,153,3,True
2017-07-25 22:02:49.458,153,3,True
2017-07-25 22:02:49.458,153,3,True
2017-07-25 22:02:49.458,154,3,True
2017-07-25 22:02:49.458,153,3,True
2017-07-25 22:02:49.458,153,3,True
2017-07-25 22:02:49.458,153,3,True
2017-07-25 22:02:50.443,153,3,True
2017-07-25 22:02:50.443,153,3,True
2017-07-25 22:02:50.443,153,3,True
2017-07-25 22:02:50.443,153,3,True
2017-07-25 22:02:50.443,153,3,True
2017-07-25 22:02:50.443,153,3,True
2017-07-25 22:02:50.443,153,3,True
2017-07-25 22:02:50.443,153,3,True
2017-07-25 22:02:51.454,153,3,True
2017-07-25 22:02:51.454,153,3,True
2017-07-25 22:02:51.454,153,2,True
2017-07-25 22:02:51.454,153,2,True
2017-07-25 22:02:51.454,153,3,True
2017-07-25 22:02:51.454,153,3,True
2017-07-25 22:02:51.454,153,2,True
2017-07-25 22:02:51.454,153,2,True
2017-07-25 22:02:52.438,152,2,True
2017-07-25 22:02:52.438,152,2,True
2017-07-25 22:02:52.438,151,2,True
2017-07-25 22:02:52.438,151,2,True
2017-07-25 22:02:52.438,152,2,True
2017-07-25 22:02:52.438,152,2,True
2017-07-25 22:02:52.438,151,2,True
2017-07-25 22:02:52.438,151,2,True
2017-07-25 22:02:53.453,150,2,True
2017-07-25 22:02:53.453,148,2,True
2017-07-25 22:02:53.453,148,2,True
2017-07-25 22:02:53.453,147,2,True
2017-07-25 22:02:53.453,150,2,True
2017-07-25 22:02:53.453,148,2,True
2017-07-25 22:02:53.453,148,2,True
2017-07-25 22:02:53.453,147,2,True
2017-07-25 22:02:54.459,147,2,True
2017-07-25 22:02:54.459,147,2,True
2017-07-25 22:02:54.459,146,2,True
2017-07-25 22:02:54.459,146,2,True
2017-07-25 22:02:54.459,147,2,True
2017-07-25 22:02:54.459,147,2,True
2017-07-25 22:02:54.459,146,2,True
2017-07-25 22:02:54.459,146,2,True
2017-07-25 22:02:55.450,146,2,True
2017-07-25 22:02:55.450,147,2,True
2017-07-25 22:02:55.450,147,2,True
2017-07-25 22:02:55.450,147,1,True
2017-07-25 22:02:55.450,146,2,True
2017-07-25 22:02:55.450,147,2,True
2017-07-25 22:02:55.450,147,2,True
2017-07-25 22:02:55.450,147,1,True
2017-07-25 22:02:56.436,147,1,True
2017-07-25 22:02:56.436,148,1,True
2017-07-25 22:02:56.436,148,1,True
2017-07-25 22:02:56.436,148,2,True
2017-07-25 22:02:56.436,147,1,True
2017-07-25 22:02:56.436,148,1,True
2017-07-25 22:02:56.436,148,1,True
2017-07-25 22:02:56.436,148,2,True
2017-07-25 22:02:57.464,149,2,True
2017-07-25 22:02:57.464,149,2,True
2017-07-25 22:02:57.464,149,2,True
2017-07-25 22:02:57.464,150,2,True
2017-07-25 22:02:57.464,149,2,True
2017-07-25 22:02:57.464,149,2,True
2017-07-25 22:02:57.464,149,2,True
2017-07-25 22:02:57.464,150,2,True
2017-07-25 22:02:58.436,150,2,True
2017-07-25 22:02:58.436,151,2,True
2017-07-25 22:02:58.436,153,2,True
2017-07-25 22:02:58.436,153,2,True
2017-07-25 22:02:58.436,150,2,True
2017-07-25 22:02:58.436,151,2,True
2017-07-25 22:02:58.436,153,2,True
2017-07-25 22:02:58.436,153,2,True
2017-07-25 22:02:59.443,153,2,True
2017-07-25 22:02:59.443,153,1,True
2017-07-25 22:02:59.443,153,1,True
2017-07-25 22:02:59.443,154,1,True
2017-07-25 22:02:59.443,153,2,True
2017-07-25 22:02:59.443,153,1,True
2017-07-25 22:02:59.443,153,1,True
2017-07-25 22:02:59.443,154,1,True
2017-07-25 22:03:00.452,155,1,True
2017-07-25 22:03:00.452,155,1,True
2017-07-25 22:03:00.452,156,1,True
2017-07-25 22:03:00.452,157,1,True
2017-07-25 22:03:00.452,155,1,True
2017-07-25 22:03:00.452,155,1,True
2017-07-25 22:03:00.452,156,1,True
2017-07-25 22:03:00.452,157,1,True
2017-07-25 22:03:01.443,157,1,True
2017-07-25 22:03:01.443,157,1,True
2017-07-25 22:03:01.443,157,1,True
2017-07-25 22:03:01.443,157,1,True
2017-07-25 22:03:01.443,157,1,True
2017-07-25 22:03:01.443,157,1,True
2017-07-25 22:03:01.443,157,1,True
2017-07-25 22:03:01.443,157,1,True
2017-07-25 22:03:02.453,157,1,True
2017-07-25 22:03:02.453,157,1,True
2017-07-25 22:03:02.453,157,1,True
2017-07-25 22:03:02.453,157,1,True
2017-07-25 22:03:02.453,157,1,True
2017-07-25 22:03:02.453,157,1,True
2017-07-25 22:03:02.453,157,1,True
2017-07-25 22:03:02.453,157,1,True
2017-07-25 22:03:03.448,157,1,True
2017-07-25 22:03:03.448,157,1,True
2017-07-25 22:03:03.448,157,1,True
2017-07-25 22:03:03.448,157,1,True
2017-07-25 22:03:03.448,157,1,True
2017-07-25 22:03:03.448,157,1,True
2017-07-25 22:03:03.448,157,1,True
2017-07-25 22:03:03.448,157,1,True
2017-07-25 22:03:04.448,156,1,True
2017-07-25 22:03:04.448,156,1,True
2017-07-25 22:03:04.448,156,1,True
2017-07-25 22:03:04.448,156,1,True
2017-07-25 22:03:04.448,156,1,True
2017-07-25 22:03:04.448,156,1,True
2017-07-25 22:03:04.448,156,1,True
2017-07-25 22:03:04.448,156,1,True
2017-07-25 22:03:05.446,155,1,True
2017-07-25 22:03:05.446,155,1,True
2017-07-25 22:03:05.446,154,1,True
2017-07-25 22:03:05.446,154,2,True
2017-07-25 22:03:05.446,155,1,True
2017-07-25 22:03:05.446,155,1,True
2017-07-25 22:03:05.446,154,1,True
2017-07-25 22:03:05.446,154,2,True
2017-07-25 22:03:06.449,154,2,True
2017-07-25 22:03:06.449,154,2,True
2017-07-25 22:03:06.449,154,2,True
2017-07-25 22:03:06.449,154,3,True
2017-07-25 22:03:06.449,154,2,True
2017-07-25 22:03:06.449,154,2,True
2017-07-25 22:03:06.449,154,2,True
2017-07-25 22:03:06.449,154,3,True
2017-07-25 22:03:07.442,153,3,True
2017-07-25 22:03:07.442,153,3,True
2017-07-25 22:03:07.442,153,4,True
2017-07-25 22:03:07.442,153,4,True
2017-07-25 22:03:07.442,153,3,True
2017-07-25 22:03:07.442,153,3,True
2017-07-25 22:03:07.442,153,4,True
2017-07-25 22:03:07.442,153,4,True
2017-07-25 22:03:08.450,153,4,True
2017-07-25 22:03:08.450,153,5,True
2017-07-25 22:03:08.450,153,5,True
2017-07-25 22:03:08.450,153,5,True
2017-07-25 22:03:08.450,153,4,True
2017-07-25 22:03:08.450,153,5,True
2017-07-25 22:03:08.450,153,5,True
2017-07-25 22:03:08.450,153,5,True
2017-07-25 22:03:09.460,153,5,True
2017-07-25 22:03:09.460,153,5,True
2017-07-25 22:03:09.460,153,5,True
2017-07-25 22:03:09.460,153,5,True
2017-07-25 22:03:09.460,153,5,True
2017-07-25 22:03:09.460,153,5,True
2017-07-25 22:03:09.460,153,5,True
2017-07-25 22:03:09.460,153,5,True
2017-07-25 22:03:10.450,153,5,True
2017-07-25 22:03:10.450,153,5,True
2017-07-25 22:03:10.450,153,5,True
2017-07-25 22:03:10.450,153,4,True
2017-07-25 22:03:10.450,153,5,True
2017-07-25 22:03:10.450,153,5,True
2017-07-25 22:03:10.450,153,5,True
2017-07-25 22:03:10.450,153,4,True
2017-07-25 22:03:11.437,153,4,True
2017-07-25 22:03:11.437,153,4,True
2017-07-25 22:03:11.437,153,3,True
2017-07-25 22:03:11.437,153,3,True
2017-07-25 22:03:11.437,153,4,True
2017-07-25 22:03:11.437,153,4,True
2017-07-25 22:03:11.437,153,3,True
2017-07-25 22:03:11.437,153,3,True
2017-07-25 22:03:12.450,153,3,True
2017-07-25 22:03:12.450,153,3,True
2017-07-25 22:03:12.450,153,3,True
2017-07-25 22:03:12.450,153,3,True
2017-07-25 22:03:12.450,153,3,True
2017-07-25 22:03:12.450,153,3,True
2017-07-25 22:03:12.450,153,3,True
2017-07-25 22:03:12.450,153,3,True
2017-07-25 22:03:13.438,153,3,True
2017-07-25 22:03:13.438,153,3,True
2017-07-25 22:03:13.438,153,4,True
2017-07-25 22:03:13.438,153,4,True
2017-07-25 22:03:13.438,153,3,True
2017-07-25 22:03:13.438,153,3,True
2017-07-25 22:03:13.438,153,4,True
2017-07-25 22:03:13.438,153,4,True
2017-07-25 22:03:14.443,153,4,True
2017-07-25 22:03:14.443,153,5,True
2017-07-25 22:03:14.443,153,5,True
2017-07-25 22:03:14.443,153,5,True
2017-07-25 22:03:14.443,153,4,True
2017-07-25 22:03:14.443,153,5,True
2017-07-25 22:03:14.443,153,5,True
2017-07-25 22:03:14.443,153,5,True
2017-07-25 22:03:15.467,153,5,True
2017-07-25 22:03:15.467,154,5,True
2017-07-25 22:03:15.467,154,5,True
2017-07-25 22:03:15.467,154,5,True
2017-07-25 22:03:15.467,153,5,True
2017-07-25 22:03:15.467,154,5,True
2017-07-25 22:03:15.467,154,5,True
2017-07-25 22:03:15.467,154,5,True
2017-07-25 22:03:16.445,155,5,True
2017-07-25 22:03:16.445,156,5,True
2017-07-25 22:03:16.445,156,5,True
2017-07-25 22:03:16.445,156,6,True
2017-07-25 22:03:16.445,155,5,True
2017-07-25 22:03:16.445,156,5,True
2017-07-25 22:03:16.445,156,5,True
2017-07-25 22:03:16.445,156,6,True
2017-07-25 22:03:17.463,157,6,True
2017-07-25 22:03:17.463,157,6,True
2017-07-25 22:03:17.463,157,6,True
2017-07-25 22:03:17.463,157,6,True
2017-07-25 22:03:17.463,157,6,True
2017-07-25 22:03:17.463,157,6,True
2017-07-25 22:03:17.463,157,6,True
2017-07-25 22:03:17.463,157,6,True
2017-07-25 22:03:18.444,157,6,True
2017-07-25 22:03:18.444,157,6,True
2017-07-25 22:03:18.444,157,6,True
2017-07-25 22:03:18.444,157,6,True
2017-07-25 22:03:18.444,157,6,True
2017-07-25 22:03:18.444,157,6,True
2017-07-25 22:03:18.444,157,6,True
2017-07-25 22:03:18.444,157,6,True
2017-07-25 22:03:19.453,157,6,True
2017-07-25 22:03:19.453,157,6,True
2017-07-25 22:03:19.453,157,6,True
2017-07-25 22:03:19.453,158,5,True
2017-07-25 22:03:19.453,157,6,True
2017-07-25 22:03:19.453,157,6,True
2017-07-25 22:03:19.453,157,6,True
2017-07-25 22:03:19.453,158,5,True
2017-07-25 22:03:20.441,158,5,True
2017-07-25 22:03:20.441,158,5,True
2017-07-25 22:03:20.441,158,5,True
2017-07-25 22:03:20.441,158,4,True
2017-07-25 22:03:20.441,158,5,True
2017-07-25 22:03:20.441,158,5,True
2017-07-25 22:03:20.441,158,5,True
2017-07-25 22:03:20.441,158,4,True
2017-07-25 22:03:21.469,158,4,True
2017-07-25 22:03:21.469,158,4,True
2017-07-25 22:03:21.469,158,4,True
2017-07-25 22:03:21.469,158,4,True
2017-07-25 22:03:21.469,158,4,True
2017-07-25 22:03:21.469,158,4,True
2017-07-25 22:03:21.469,158,4,True
2017-07-25 22:03:21.469,158,4,True
2017-07-25 22:03:22.441,157,4,True
2017-07-25 22:03:22.441,157,4,True
2017-07-25 22:03:22.441,157,4,True
2017-07-25 22:03:22.441,156,4,True
2017-07-25 22:03:22.441,157,4,True
2017-07-25 22:03:22.441,157,4,True
2017-07-25 22:03:22.441,157,4,True
2017-07-25 22:03:22.441,156,4,True
2017-07-25 22:03:23.452,156,3,True
2017-07-25 22:03:23.452,155,4,True
2017-07-25 22:03:23.452,155,4,True
2017-07-25 22:03:23.452,155,4,True
2017-07-25 22:03:23.452,156,3,True
2017-07-25 22:03:23.452,155,4,True
2017-07-25 22:03:23.452,155,4,True
2017-07-25 22:03:23.452,155,4,True
2017-07-25 22:03:24.439,156,4,True
2017-07-25 22:03:24.439,156,4,True
2017-07-25 22:03:24.439,156,4,True
2017-07-25 22:03:24.439,155,3,True
2017-07-25 22:03:24.439,156,4,True
2017-07-25 22:03:24.439,156,4,True
2017-07-25 22:03:24.439,156,4,True
2017-07-25 22:03:24.439,155,3,True
2017-07-25 22:03:25.450,155,3,True
2017-07-25 22:03:25.450,155,3,True
2017-07-25 22:03:25.450,154,3,True
2017-07-25 22:03:25.450,154,3,True
2017-07-25 22:03:25.450,155,3,True
2017-07-25 22:03:25.450,155,3,True
2017-07-25 22:03:25.450,154,3,True
2017-07-25 22:03:25.450,154,3,True
2017-07-25 22:03:26.440,154,3,True
2017-07-25 22:03:26.440,154,3,True
2017-07-25 22:03:26.440,154,3,True
2017-07-25 22:03:26.440,154,3,True
2017-07-25 22:03:26.440,154,3,True
2017-07-25 22:03:26.440,154,3,True
2017-07-25 22:03:26.440,154,3,True
2017-07-25 22:03:26.440,154,3,True
2017-07-25 22:03:27.445,155,3,True
2017-07-25 22:03:27.445,155,3,True
2017-07-25 22:03:27.445,155,3,True
2017-07-25 22:03:27.445,155,3,True
2017-07-25 22:03:27.445,155,3,True
2017-07-25 22:03:27.445,155,3,True
2017-07-25 22:03:27.445,155,3,True
2017-07-25 22:03:27.445,155,3,True
2017-07-25 22:03:28.456,155,3,True
2017-07-25 22:03:28.456,155,3,True
2017-07-25 22:03:28.456,155,3,True
2017-07-25 22:03:28.456,154,3,True
2017-07-25 22:03:28.456,155,3,True
2017-07-25 22:03:28.456,155,3,True
2017-07-25 22:03:28.456,155,3,True
2017-07-25 22:03:28.456,154,3,True
2017-07-25 22:03:29.446,154,3,True
2017-07-25 22:03:29.446,154,3,True
2017-07-25 22:03:29.446,154,3,True
2017-07-25 22:03:29.446,154,3,True
2017-07-25 22:03:29.446,154,3,True
2017-07-25 22:03:29.446,154,3,True
2017-07-25 22:03:29.446,154,3,True
2017-07-25 22:03:29.446,154,3,True
2017-07-25 22:03:30.448,154,3,True
2017-07-25 22:03:30.448,153,3,True
2017-07-25 22:03:30.448,153,3,True
2017-07-25 22:03:30.448,153,3,True
2017-07-25 22:03:30.448,154,3,True
2017-07-25 22:03:30.448,153,3,True
2017-07-25 22:03:30.448,153,3,True
2017-07-25 22:03:30.448,153,3,True
2017-07-25 22:03:31.443,153,4,True
2017-07-25 22:03:31.443,153,4,True
2017-07-25 22:03:31.443,153,4,True
2017-07-25 22:03:31.443,154,4,True
2017-07-25 22:03:31.443,153,4,True
2017-07-25 22:03:31.443,153,4,True
2017-07-25 22:03:31.443,153,4,True
2017-07-25 22:03:31.443,154,4,True
2017-07-25 22:03:32.451,154,4,True
2017-07-25 22:03:32.451,155,3,True
2017-07-25 22:03:32.451,156,3,True
2017-07-25 22:03:32.451,156,2,True
2017-07-25 22:03:32.451,154,4,True
2017-07-25 22:03:32.451,155,3,True
2017-07-25 22:03:32.451,156,3,True
2017-07-25 22:03:32.451,156,2,True
2017-07-25 22:03:33.441,156,2,True
2017-07-25 22:03:33.441,157,1,True
2017-07-25 22:03:33.441,157,1,True
2017-07-25 22:03:33.441,157,1,True
2017-07-25 22:03:33.441,156,2,True
2017-07-25 22:03:33.441,157,1,True
2017-07-25 22:03:33.441,157,1,True
2017-07-25 22:03:33.441,157,1,True
2017-07-25 22:03:34.452,157,1,True
2017-07-25 22:03:34.452,157,1,True
2017-07-25 22:03:34.452,157,1,True
2017-07-25 22:03:34.452,157,1,True
2017-07-25 22:03:34.452,157,1,True
2017-07-25 22:03:34.452,157,1,True
2017-07-25 22:03:34.452,157,1,True
2017-07-25 22:03:34.452,157,1,True
2017-07-25 22:03:35.445,157,1,True
2017-07-25 22:03:35.445,157,1,True
2017-07-25 22:03:35.445,157,1,True
2017-07-25 22:03:35.445,157,1,True
2017-07-25 22:03:35.445,157,1,True
2017-07-25 22:03:35.445,157,1,True
2017-07-25 22:03:35.445,157,1,True
2017-07-25 22:03:35.445,157,1,True
2017-07-25 22:03:36.452,157,1,True
2017-07-25 22:03:36.452,157,1,True
2017-07-25 22:03:36.452,157,2,True
2017-07-25 22:03:36.452,157,2,True
2017-07-25 22:03:36.452,157,1,True
2017-07-25 22:03:36.452,157,1,True
2017-07-25 22:03:36.452,157,2,True
2017-07-25 22:03:36.452,157,2,True
2017-07-25 22:03:37.458,157,2,True
2017-07-25 22:03:37.458,157,2,True
2017-07-25 22:03:37.458,158,3,True
2017-07-25 22:03:37.458,157,3,True
2017-07-25 22:03:37.458,157,2,True
2017-07-25 22:03:37.458,157,2,True
2017-07-25 22:03:37.458,158,3,True
2017-07-25 22:03:37.458,157,3,True
2017-07-25 22:03:38.447,157,3,True
2017-07-25 22:03:38.447,157,3,True
2017-07-25 22:03:38.447,158,3,True
2017-07-25 22:03:38.447,158,2,True
2017-07-25 22:03:38.447,157,3,True
2017-07-25 22:03:38.447,157,3,True
2017-07-25 22:03:38.447,158,3,True
2017-07-25 22:03:38.447,158,2,True
2017-07-25 22:03:39.440,157,2,True
2017-07-25 22:03:39.440,157,2,True
2017-07-25 22:03:39.440,157,2,True
2017-07-25 22:03:39.440,158,2,True
2017-07-25 22:03:39.440,157,2,True
2017-07-25 22:03:39.440,157,2,True
2017-07-25 22:03:39.440,157,2,True
2017-07-25 22:03:39.440,158,2,True
2017-07-25 22:03:40.445,158,2,True
2017-07-25 22:03:40.445,157,2,True
2017-07-25 22:03:40.445,157,2,True
2017-07-25 22:03:40.445,157,3,True
2017-07-25 22:03:40.445,158,2,True
2017-07-25 22:03:40.445,157,2,True
2017-07-25 22:03:40.445,157,2,True
2017-07-25 22:03:40.445,157,3,True
2017-07-25 22:03:41.442,157,3,True
2017-07-25 22:03:41.442,157,3,True
2017-07-25 22:03:41.442,157,3,True
2017-07-25 22:03:41.442,157,3,True
2017-07-25 22:03:41.442,157,3,True
2017-07-25 22:03:41.442,157,3,True
2017-07-25 22:03:41.442,157,3,True
2017-07-25 22:03:41.442,157,3,True
2017-07-25 22:03:42.445,157,3,True
2017-07-25 22:03:42.445,157,4,True
2017-07-25 22:03:42.445,157,4,True
2017-07-25 22:03:42.445,157,4,True
2017-07-25 22:03:42.445,157,3,True
2017-07-25 22:03:42.445,157,4,True
2017-07-25 22:03:42.445,157,4,True
2017-07-25 22:03:42.445,157,4,True
2017-07-25 22:03:43.457,157,4,True
2017-07-25 22:03:43.457,156,4,True
2017-07-25 22:03:43.457,155,4,True
2017-07-25 22:03:43.457,155,4,True
2017-07-25 22:03:43.457,157,4,True
2017-07-25 22:03:43.457,156,4,True
2017-07-25 22:03:43.457,155,4,True
2017-07-25 22:03:43.457,155,4,True
2017-07-25 22:03:44.447,155,4,True
2017-07-25 22:03:44.447,156,4,True
2017-07-25 22:03:44.447,156,3,True
2017-07-25 22:03:44.447,155,3,True
2017-07-25 22:03:44.447,155,4,True
2017-07-25 22:03:44.447,156,4,True
2017-07-25 22:03:44.447,156,3,True
2017-07-25 22:03:44.447,155,3,True
2017-07-25 22:03:45.452,155,3,True
2017-07-25 22:03:45.452,155,3,True
2017-07-25 22:03:45.452,154,2,True
2017-07-25 22:03:45.452,154,2,True
2017-07-25 22:03:45.452,155,3,True
2017-07-25 22:03:45.452,155,3,True
2017-07-25 22:03:45.452,154,2,True
2017-07-25 22:03:45.452,154,2,True
2017-07-25 22:03:46.446,154,2,True
2017-07-25 22:03:46.446,155,2,True
2017-07-25 22:03:46.446,155,2,True
2017-07-25 22:03:46.446,156,2,True
2017-07-25 22:03:46.446,154,2,True
2017-07-25 22:03:46.446,155,2,True
2017-07-25 22:03:46.446,155,2,True
2017-07-25 22:03:46.446,156,2,True
2017-07-25 22:03:47.472,157,3,True
2017-07-25 22:03:47.472,157,3,True
2017-07-25 22:03:47.472,157,3,True
2017-07-25 22:03:47.472,156,4,True
2017-07-25 22:03:47.472,157,3,True
2017-07-25 22:03:47.472,157,3,True
2017-07-25 22:03:47.472,157,3,True
2017-07-25 22:03:47.472,156,4,True
2017-07-25 22:03:48.444,156,4,True
2017-07-25 22:03:48.444,156,5,True
2017-07-25 22:03:48.444,157,5,True
2017-07-25 22:03:48.444,157,5,True
2017-07-25 22:03:48.444,156,4,True
2017-07-25 22:03:48.444,156,5,True
2017-07-25 22:03:48.444,157,5,True
2017-07-25 22:03:48.444,157,5,True
2017-07-25 22:03:49.461,157,5,True
2017-07-25 22:03:49.461,157,5,True
2017-07-25 22:03:49.461,157,5,True
2017-07-25 22:03:49.461,156,6,True
2017-07-25 22:03:49.461,157,5,True
2017-07-25 22:03:49.461,157,5,True
2017-07-25 22:03:49.461,157,5,True
2017-07-25 22:03:49.461,156,6,True
2017-07-25 22:03:50.440,155,6,True
2017-07-25 22:03:50.440,155,6,True
2017-07-25 22:03:50.440,154,6,True
2017-07-25 22:03:50.440,154,6,True
2017-07-25 22:03:50.440,155,6,True
2017-07-25 22:03:50.440,155,6,True
2017-07-25 22:03:50.440,154,6,True
2017-07-25 22:03:50.440,154,6,True
2017-07-25 22:03:51.459,154,6,True
2017-07-25 22:03:51.459,153,6,True
2017-07-25 22:03:51.459,153,6,True
2017-07-25 22:03:51.459,152,6,True
2017-07-25 22:03:51.459,154,6,True
2017-07-25 22:03:51.459,153,6,True
2017-07-25 22:03:51.459,153,6,True
2017-07-25 22:03:51.459,152,6,True
2017-07-25 22:03:52.443,149,6,True
2017-07-25 22:03:52.443,149,6,True
2017-07-25 22:03:52.443,145,6,True
2017-07-25 22:03:52.443,145,6,True
2017-07-25 22:03:52.443,149,6,True
2017-07-25 22:03:52.443,149,6,True
2017-07-25 22:03:52.443,145,6,True
2017-07-25 22:03:52.443,145,6,True
2017-07-25 22:03:53.466,143,6,True
2017-07-25 22:03:53.466,143,6,True
2017-07-25 22:03:53.466,143,6,True
2017-07-25 22:03:53.466,143,6,True
2017-07-25 22:03:53.466,143,6,True
2017-07-25 22:03:53.466,143,6,True
2017-07-25 22:03:53.466,143,6,True
2017-07-25 22:03:53.466,143,6,True
2017-07-25 22:03:54.442,143,6,True
2017-07-25 22:03:54.442,144,6,True
2017-07-25 22:03:54.442,145,6,True
2017-07-25 22:03:54.442,145,6,True
2017-07-25 22:03:54.442,143,6,True
2017-07-25 22:03:54.442,144,6,True
2017-07-25 22:03:54.442,145,6,True
2017-07-25 22:03:54.442,145,6,True
2017-07-25 22:03:55.455,146,6,True
2017-07-25 22:03:55.455,146,6,True
2017-07-25 22:03:55.455,146,6,True
2017-07-25 22:03:55.455,147,6,True
2017-07-25 22:03:55.455,146,6,True
2017-07-25 22:03:55.455,146,6,True
2017-07-25 22:03:55.455,146,6,True
2017-07-25 22:03:55.455,147,6,True
2017-07-25 22:03:56.439,147,6,True
2017-07-25 22:03:56.439,147,6,True
2017-07-25 22:03:56.439,147,6,True
2017-07-25 22:03:56.439,148,6,True
2017-07-25 22:03:56.439,147,6,True
2017-07-25 22:03:56.439,147,6,True
2017-07-25 22:03:56.439,147,6,True
2017-07-25 22:03:56.439,148,6,True
2017-07-25 22:03:57.451,148,5,True
2017-07-25 22:03:57.451,148,5,True
2017-07-25 22:03:57.451,148,6,True
2017-07-25 22:03:57.451,148,6,True
2017-07-25 22:03:57.451,148,5,True
2017-07-25 22:03:57.451,148,5,True
2017-07-25 22:03:57.451,148,6,True
2017-07-25 22:03:57.451,148,6,True
2017-07-25 22:03:58.456,148,6,True
2017-07-25 22:03:58.456,148,6,True
2017-07-25 22:03:58.456,148,6,True
2017-07-25 22:03:58.456,149,6,True
2017-07-25 22:03:58.456,148,6,True
2017-07-25 22:03:58.456,148,6,True
2017-07-25 22:03:58.456,148,6,True
2017-07-25 22:03:58.456,149,6,True
2017-07-25 22:03:59.456,150,6,True
2017-07-25 22:03:59.456,150,6,True
2017-07-25 22:03:59.456,150,6,True
2017-07-25 22:03:59.456,151,5,True
2017-07-25 22:03:59.456,150,6,True
2017-07-25 22:03:59.456,150,6,True
2017-07-25 22:03:59.456,150,6,True
2017-07-25 22:03:59.456,151,5,True
2017-07-25 22:04:00.450,151,5,True
2017-07-25 22:04:00.450,151,5,True
2017-07-25 22:04:00.450,151,5,True
2017-07-25 22:04:00.450,151,5,True
2017-07-25 22:04:00.450,151,5,True
2017-07-25 22:04:00.450,151,5,True
2017-07-25 22:04:00.450,151,5,True
2017-07-25 22:04:00.450,151,5,True
2017-07-25 22:04:01.454,152,5,True
2017-07-25 22:04:01.454,152,6,True
2017-07-25 22:04:01.454,152,6,True
2017-07-25 22:04:01.454,152,6,True
2017-07-25 22:04:01.454,152,5,True
2017-07-25 22:04:01.454,152,6,True
2017-07-25 22:04:01.454,152,6,True
2017-07-25 22:04:01.454,152,6,True
2017-07-25 22:04:02.433,152,6,True
2017-07-25 22:04:02.433,153,5,True
2017-07-25 22:04:02.433,154,5,True
2017-07-25 22:04:02.433,154,4,True
2017-07-25 22:04:02.433,152,6,True
2017-07-25 22:04:02.433,153,5,True
2017-07-25 22:04:02.433,154,5,True
2017-07-25 22:04:02.433,154,4,True
2017-07-25 22:04:03.449,155,4,True
2017-07-25 22:04:03.449,155,3,True
2017-07-25 22:04:03.449,155,3,True
2017-07-25 22:04:03.449,155,3,True
2017-07-25 22:04:03.449,155,4,True
2017-07-25 22:04:03.449,155,3,True
2017-07-25 22:04:03.449,155,3,True
2017-07-25 22:04:03.449,155,3,True
2017-07-25 22:04:04.445,155,4,True
2017-07-25 22:04:04.445,155,4,True
2017-07-25 22:04:04.445,155,4,True
2017-07-25 22:04:04.445,155,5,True
2017-07-25 22:04:04.445,155,4,True
2017-07-25 22:04:04.445,155,4,True
2017-07-25 22:04:04.445,155,4,True
2017-07-25 22:04:04.445,155,5,True
2017-07-25 22:04:05.444,155,5,True
2017-07-25 22:04:05.444,156,5,True
2017-07-25 22:04:05.444,156,5,True
2017-07-25 22:04:05.444,156,4,True
2017-07-25 22:04:05.444,155,5,True
2017-07-25 22:04:05.444,156,5,True
2017-07-25 22:04:05.444,156,5,True
2017-07-25 22:04:05.444,156,4,True
2017-07-25 22:04:06.447,156,4,True
2017-07-25 22:04:06.447,156,4,True
2017-07-25 22:04:06.447,156,3,True
2017-07-25 22:04:06.447,156,3,True
2017-07-25 22:04:06.447,156,4,True
2017-07-25 22:04:06.447,156,4,True
2017-07-25 22:04:06.447,156,3,True
2017-07-25 22:04:06.447,156,3,True
2017-07-25 22:04:07.463,156,3,True
2017-07-25 22:04:07.463,155,4,True
2017-07-25 22:04:07.463,155,4,True
2017-07-25 22:04:07.463,155,4,True
2017-07-25 22:04:07.463,156,3,True
2017-07-25 22:04:07.463,155,4,True
2017-07-25 22:04:07.463,155,4,True
2017-07-25 22:04:07.463,155,4,True
2017-07-25 22:04:08.444,156,5,True
2017-07-25 22:04:08.444,157,5,True
2017-07-25 22:04:08.444,157,6,True
2017-07-25 22:04:08.444,157,6,True
2017-07-25 22:04:08.444,156,5,True
2017-07-25 22:04:08.444,157,5,True
2017-07-25 22:04:08.444,157,6,True
2017-07-25 22:04:08.444,157,6,True
2017-07-25 22:04:09.451,157,6,True
2017-07-25 22:04:09.451,157,7,True
2017-07-25 22:04:09.451,156,7,True
2017-07-25 22:04:09.451,156,7,True
2017-07-25 22:04:09.451,157,6,True
2017-07-25 22:04:09.451,157,7,True
2017-07-25 22:04:09.451,156,7,True
2017-07-25 22:04:09.451,156,7,True
2017-07-25 22:04:10.464,156,7,True
2017-07-25 22:04:10.464,156,7,True
2017-07-25 22:04:10.464,156,8,True
2017-07-25 22:04:10.464,156,8,True
2017-07-25 22:04:10.464,156,7,True
2017-07-25 22:04:10.464,156,7,True
2017-07-25 22:04:10.464,156,8,True
2017-07-25 22:04:10.464,156,8,True
2017-07-25 22:04:11.488,157,8,True
2017-07-25 22:04:11.488,157,8,True
2017-07-25 22:04:11.488,157,8,True
2017-07-25 22:04:11.488,157,8,True
2017-07-25 22:04:11.488,157,8,True
2017-07-25 22:04:11.488,157,8,True
2017-07-25 22:04:11.488,157,8,True
2017-07-25 22:04:11.488,157,8,True
2017-07-25 22:04:12.477,157,8,True
2017-07-25 22:04:12.477,157,8,True
2017-07-25 22:04:12.477,158,8,True
2017-07-25 22:04:12.477,158,8,True
2017-07-25 22:04:12.477,157,8,True
2017-07-25 22:04:12.477,157,8,True
2017-07-25 22:04:12.477,158,8,True
2017-07-25 22:04:12.477,158,8,True
2017-07-25 22:04:13.500,158,8,True
2017-07-25 22:04:13.500,158,8,True
2017-07-25 22:04:13.500,158,8,True
2017-07-25 22:04:13.500,159,8,True
2017-07-25 22:04:13.500,158,8,True
2017-07-25 22:04:13.500,158,8,True
2017-07-25 22:04:13.500,158,8,True
2017-07-25 22:04:13.500,159,8,True
2017-07-25 22:04:14.460,160,8,True
2017-07-25 22:04:14.460,160,9,True
2017-07-25 22:04:14.460,161,9,True
2017-07-25 22:04:14.460,161,9,True
2017-07-25 22:04:14.460,160,8,True
2017-07-25 22:04:14.460,160,9,True
2017-07-25 22:04:14.460,161,9,True
2017-07-25 22:04:14.460,161,9,True
2017-07-25 22:04:15.459,161,9,True
2017-07-25 22:04:15.459,160,9,True
2017-07-25 22:04:15.459,159,9,True
2017-07-25 22:04:15.459,159,9,True
2017-07-25 22:04:15.459,161,9,True
2017-07-25 22:04:15.459,160,9,True
2017-07-25 22:04:15.459,159,9,True
2017-07-25 22:04:15.459,159,9,True
2017-07-25 22:04:16.446,159,9,True
2017-07-25 22:04:16.446,159,9,True
2017-07-25 22:04:16.446,159,9,True
2017-07-25 22:04:16.446,159,9,True
2017-07-25 22:04:16.446,159,9,True
2017-07-25 22:04:16.446,159,9,True
2017-07-25 22:04:16.446,159,9,True
2017-07-25 22:04:16.446,159,9,True
2017-07-25 22:04:17.466,159,9,True
2017-07-25 22:04:17.466,159,9,True
2017-07-25 22:04:17.466,158,9,True
2017-07-25 22:04:17.466,157,9,True
2017-07-25 22:04:17.466,159,9,True
2017-07-25 22:04:17.466,159,9,True
2017-07-25 22:04:17.466,158,9,True
2017-07-25 22:04:17.466,157,9,True
2017-07-25 22:04:18.445,157,9,True
2017-07-25 22:04:18.445,154,9,True
2017-07-25 22:04:18.445,154,9,True
2017-07-25 22:04:18.445,152,9,True
2017-07-25 22:04:18.445,157,9,True
2017-07-25 22:04:18.445,154,9,True
2017-07-25 22:04:18.445,154,9,True
2017-07-25 22:04:18.445,152,9,True
2017-07-25 22:04:19.450,150,9,True
2017-07-25 22:04:19.450,150,9,True
2017-07-25 22:04:19.450,148,9,True
2017-07-25 22:04:19.450,147,9,True
2017-07-25 22:04:19.450,150,9,True
2017-07-25 22:04:19.450,150,9,True
2017-07-25 22:04:19.450,148,9,True
2017-07-25 22:04:19.450,147,9,True
2017-07-25 22:04:20.441,147,9,True
2017-07-25 22:04:20.441,147,9,True
2017-07-25 22:04:20.441,147,9,True
2017-07-25 22:04:20.441,147,9,True
2017-07-25 22:04:20.441,147,9,True
2017-07-25 22:04:20.441,147,9,True
2017-07-25 22:04:20.441,147,9,True
2017-07-25 22:04:20.441,147,9,True
2017-07-25 22:04:21.486,146,9,True
2017-07-25 22:04:21.486,146,8,True
2017-07-25 22:04:21.486,146,8,True
2017-07-25 22:04:21.486,146,8,True
2017-07-25 22:04:21.486,146,9,True
2017-07-25 22:04:21.486,146,8,True
2017-07-25 22:04:21.486,146,8,True
2017-07-25 22:04:21.486,146,8,True
2017-07-25 22:04:22.487,145,8,True
2017-07-25 22:04:22.487,146,8,True
2017-07-25 22:04:22.487,146,8,True
2017-07-25 22:04:22.487,147,8,True
2017-07-25 22:04:22.487,145,8,True
2017-07-25 22:04:22.487,146,8,True
2017-07-25 22:04:22.487,146,8,True
2017-07-25 22:04:22.487,147,8,True
2017-07-25 22:04:23.489,149,8,True
2017-07-25 22:04:23.489,149,8,True
2017-07-25 22:04:23.489,150,8,True
2017-07-25 22:04:23.489,150,8,True
2017-07-25 22:04:23.489,149,8,True
2017-07-25 22:04:23.489,149,8,True
2017-07-25 22:04:23.489,150,8,True
2017-07-25 22:04:23.489,150,8,True
2017-07-25 22:04:24.491,151,8,True
2017-07-25 22:04:24.491,150,8,True
2017-07-25 22:04:24.491,150,8,True
2017-07-25 22:04:24.491,150,8,True
2017-07-25 22:04:24.491,151,8,True
2017-07-25 22:04:24.491,150,8,True
2017-07-25 22:04:24.491,150,8,True
2017-07-25 22:04:24.491,150,8,True
2017-07-25 22:04:25.477,150,8,True
2017-07-25 22:04:25.477,150,8,True
2017-07-25 22:04:25.477,150,7,True
2017-07-25 22:04:25.477,150,7,True
2017-07-25 22:04:25.477,150,8,True
2017-07-25 22:04:25.477,150,8,True
2017-07-25 22:04:25.477,150,7,True
2017-07-25 22:04:25.477,150,7,True
2017-07-25 22:04:26.460,150,6,True
2017-07-25 22:04:26.460,150,6,True
2017-07-25 22:04:26.460,150,5,True
2017-07-25 22:04:26.460,150,5,True
2017-07-25 22:04:26.460,150,6,True
2017-07-25 22:04:26.460,150,6,True
2017-07-25 22:04:26.460,150,5,True
2017-07-25 22:04:26.460,150,5,True
2017-07-25 22:04:27.450,150,5,True
2017-07-25 22:04:27.450,150,5,True
2017-07-25 22:04:27.450,150,5,True
2017-07-25 22:04:27.450,150,6,True
2017-07-25 22:04:27.450,150,5,True
2017-07-25 22:04:27.450,150,5,True
2017-07-25 22:04:27.450,150,5,True
2017-07-25 22:04:27.450,150,6,True
2017-07-25 22:04:28.452,150,7,True
2017-07-25 22:04:28.452,149,8,True
2017-07-25 22:04:28.452,149,8,True
2017-07-25 22:04:28.452,149,9,True
2017-07-25 22:04:28.452,150,7,True
2017-07-25 22:04:28.452,149,8,True
2017-07-25 22:04:28.452,149,8,True
2017-07-25 22:04:28.452,149,9,True
2017-07-25 22:04:29.458,149,9,True
2017-07-25 22:04:29.458,149,10,True
2017-07-25 22:04:29.458,149,10,True
2017-07-25 22:04:29.458,149,10,True
2017-07-25 22:04:29.458,149,9,True
2017-07-25 22:04:29.458,149,10,True
2017-07-25 22:04:29.458,149,10,True
2017-07-25 22:04:29.458,149,10,True
2017-07-25 22:04:30.451,149,10,True
2017-07-25 22:04:30.451,150,10,True
2017-07-25 22:04:30.451,150,10,True
2017-07-25 22:04:30.451,150,11,True
2017-07-25 22:04:30.451,149,10,True
2017-07-25 22:04:30.451,150,10,True
2017-07-25 22:04:30.451,150,10,True
2017-07-25 22:04:30.451,150,11,True
2017-07-25 22:04:31.443,150,11,True
2017-07-25 22:04:31.443,150,11,True
2017-07-25 22:04:31.443,150,11,True
2017-07-25 22:04:31.443,150,11,True
2017-07-25 22:04:31.443,150,11,True
2017-07-25 22:04:31.443,150,11,True
2017-07-25 22:04:31.443,150,11,True
2017-07-25 22:04:31.443,150,11,True
2017-07-25 22:04:32.434,150,11,True
2017-07-25 22:04:32.434,150,11,True
2017-07-25 22:04:32.434,150,11,True
2017-07-25 22:04:32.434,150,10,True
2017-07-25 22:04:32.434,150,11,True
2017-07-25 22:04:32.434,150,11,True
2017-07-25 22:04:32.434,150,11,True
2017-07-25 22:04:32.434,150,10,True
2017-07-25 22:04:33.443,149,10,True
2017-07-25 22:04:33.443,149,10,True
2017-07-25 22:04:33.443,149,10,True
2017-07-25 22:04:33.443,149,10,True
2017-07-25 22:04:33.443,149,10,True
2017-07-25 22:04:33.443,149,10,True
2017-07-25 22:04:33.443,149,10,True
2017-07-25 22:04:33.443,149,10,True
2017-07-25 22:04:34.451,149,10,True
2017-07-25 22:04:34.451,148,10,True
2017-07-25 22:04:34.451,148,10,True
2017-07-25 22:04:34.451,147,10,True
2017-07-25 22:04:34.451,149,10,True
2017-07-25 22:04:34.451,148,10,True
2017-07-25 22:04:34.451,148,10,True
2017-07-25 22:04:34.451,147,10,True
2017-07-25 22:04:35.441,147,9,True
2017-07-25 22:04:35.441,147,9,True
2017-07-25 22:04:35.441,146,9,True
2017-07-25 22:04:35.441,146,9,True
2017-07-25 22:04:35.441,147,9,True
2017-07-25 22:04:35.441,147,9,True
2017-07-25 22:04:35.441,146,9,True
2017-07-25 22:04:35.441,146,9,True
2017-07-25 22:04:36.460,146,9,True
2017-07-25 22:04:36.460,146,8,True
2017-07-25 22:04:36.460,146,8,True
2017-07-25 22:04:36.460,147,8,True
2017-07-25 22:04:36.460,146,9,True
2017-07-25 22:04:36.460,146,8,True
2017-07-25 22:04:36.460,146,8,True
2017-07-25 22:04:36.460,147,8,True
2017-07-25 22:04:37.474,147,8,True
2017-07-25 22:04:37.474,147,8,True
2017-07-25 22:04:37.474,146,8,True
2017-07-25 22:04:37.474,146,7,True
2017-07-25 22:04:37.474,147,8,True
2017-07-25 22:04:37.474,147,8,True
2017-07-25 22:04:37.474,146,8,True
2017-07-25 22:04:37.474,146,7,True
2017-07-25 22:04:38.446,146,7,True
2017-07-25 22:04:38.446,146,7,True
2017-07-25 22:04:38.446,146,7,True
2017-07-25 22:04:38.446,146,8,True
2017-07-25 22:04:38.446,146,7,True
2017-07-25 22:04:38.446,146,7,True
2017-07-25 22:04:38.446,146,7,True
2017-07-25 22:04:38.446,146,8,True
2017-07-25 22:04:39.489,146,8,True
2017-07-25 22:04:39.489,147,8,True
2017-07-25 22:04:39.489,147,8,True
2017-07-25 22:04:39.489,146,8,True
2017-07-25 22:04:39.489,146,8,True
2017-07-25 22:04:39.489,147,8,True
2017-07-25 22:04:39.489,147,8,True
2017-07-25 22:04:39.489,146,8,True
2017-07-25 22:04:40.480,146,8,True
2017-07-25 22:04:40.480,146,8,True
2017-07-25 22:04:40.480,147,8,True
2017-07-25 22:04:40.480,147,8,True
2017-07-25 22:04:40.480,146,8,True
2017-07-25 22:04:40.480,146,8,True
2017-07-25 22:04:40.480,147,8,True
2017-07-25 22:04:40.480,147,8,True
2017-07-25 22:04:41.474,147,7,True
2017-07-25 22:04:41.474,147,8,True
2017-07-25 22:04:41.474,147,8,True
2017-07-25 22:04:41.474,147,8,True
2017-07-25 22:04:41.474,147,7,True
2017-07-25 22:04:41.474,147,8,True
2017-07-25 22:04:41.474,147,8,True
2017-07-25 22:04:41.474,147,8,True
2017-07-25 22:04:42.482,146,8,True
2017-07-25 22:04:42.482,146,8,True
2017-07-25 22:04:42.482,146,8,True
2017-07-25 22:04:42.482,146,8,True
2017-07-25 22:04:42.482,146,8,True
2017-07-25 22:04:42.482,146,8,True
2017-07-25 22:04:42.482,146,8,True
2017-07-25 22:04:42.482,146,8,True
2017-07-25 22:04:43.457,147,8,True
2017-07-25 22:04:43.457,147,7,True
2017-07-25 22:04:43.457,147,7,True
2017-07-25 22:04:43.457,147,7,True
2017-07-25 22:04:43.457,147,8,True
2017-07-25 22:04:43.457,147,7,True
2017-07-25 22:04:43.457,147,7,True
2017-07-25 22:04:43.457,147,7,True
2017-07-25 22:04:44.440,147,7,True
2017-07-25 22:04:44.440,147,7,True
2017-07-25 22:04:44.440,148,6,True
2017-07-25 22:04:44.440,148,6,True
2017-07-25 22:04:44.440,147,7,True
2017-07-25 22:04:44.440,147,7,True
2017-07-25 22:04:44.440,148,6,True
2017-07-25 22:04:44.440,148,6,True
2017-07-25 22:04:45.454,149,6,True
2017-07-25 22:04:45.454,150,6,True
2017-07-25 22:04:45.454,150,5,True
2017-07-25 22:04:45.454,150,5,True
2017-07-25 22:04:45.454,149,6,True
2017-07-25 22:04:45.454,150,6,True
2017-07-25 22:04:45.454,150,5,True
2017-07-25 22:04:45.454,150,5,True
2017-07-25 22:04:46.444,150,4,True
2017-07-25 22:04:46.444,150,4,True
2017-07-25 22:04:46.444,151,3,True
2017-07-25 22:04:46.444,151,3,True
2017-07-25 22:04:46.444,150,4,True
2017-07-25 22:04:46.444,150,4,True
2017-07-25 22:04:46.444,151,3,True
2017-07-25 22:04:46.444,151,3,True
2017-07-25 22:04:47.453,151,3,True
2017-07-25 22:04:47.453,152,3,True
2017-07-25 22:04:47.453,152,3,True
2017-07-25 22:04:47.453,152,3,True
2017-07-25 22:04:47.453,151,3,True
2017-07-25 22:04:47.453,152,3,True
2017-07-25 22:04:47.453,152,3,True
2017-07-25 22:04:47.453,152,3,True
2017-07-25 22:04:48.439,153,4,True
2017-07-25 22:04:48.439,153,4,True
2017-07-25 22:04:48.439,153,4,True
2017-07-25 22:04:48.439,153,4,True
2017-07-25 22:04:48.439,153,4,True
2017-07-25 22:04:48.439,153,4,True
2017-07-25 22:04:48.439,153,4,True
2017-07-25 22:04:48.439,153,4,True
2017-07-25 22:04:49.449,153,4,True
2017-07-25 22:04:49.449,153,4,True
2017-07-25 22:04:49.449,153,4,True
2017-07-25 22:04:49.449,153,4,True
2017-07-25 22:04:49.449,153,4,True
2017-07-25 22:04:49.449,153,4,True
2017-07-25 22:04:49.449,153,4,True
2017-07-25 22:04:49.449,153,4,True
2017-07-25 22:04:50.443,153,4,True
2017-07-25 22:04:50.443,153,4,True
2017-07-25 22:04:50.443,153,3,True
2017-07-25 22:04:50.443,153,3,True
2017-07-25 22:04:50.443,153,4,True
2017-07-25 22:04:50.443,153,4,True
2017-07-25 22:04:50.443,153,3,True
2017-07-25 22:04:50.443,153,3,True
2017-07-25 22:04:51.433,153,3,True
2017-07-25 22:04:51.433,154,3,True
2017-07-25 22:04:51.433,153,3,True
2017-07-25 22:04:51.433,153,4,True
2017-07-25 22:04:51.433,153,3,True
2017-07-25 22:04:51.433,154,3,True
2017-07-25 22:04:51.433,153,3,True
2017-07-25 22:04:51.433,153,4,True
2017-07-25 22:04:52.439,153,4,True
2017-07-25 22:04:52.439,153,5,True
2017-07-25 22:04:52.439,153,5,True
2017-07-25 22:04:52.439,153,6,True
2017-07-25 22:04:52.439,153,4,True
2017-07-25 22:04:52.439,153,5,True
2017-07-25 22:04:52.439,153,5,True
2017-07-25 22:04:52.439,153,6,True
2017-07-25 22:04:53.458,153,6,True
2017-07-25 22:04:53.458,153,6,True
2017-07-25 22:04:53.458,153,6,True
2017-07-25 22:04:53.458,153,6,True
2017-07-25 22:04:53.458,153,6,True
2017-07-25 22:04:53.458,153,6,True
2017-07-25 22:04:53.458,153,6,True
2017-07-25 22:04:53.458,153,6,True
2017-07-25 22:04:54.454,154,7,True
2017-07-25 22:04:54.454,153,7,True
2017-07-25 22:04:54.454,153,7,True
2017-07-25 22:04:54.454,153,8,True
2017-07-25 22:04:54.454,154,7,True
2017-07-25 22:04:54.454,153,7,True
2017-07-25 22:04:54.454,153,7,True
2017-07-25 22:04:54.454,153,8,True
2017-07-25 22:04:55.454,153,8,True
2017-07-25 22:04:55.454,153,9,True
2017-07-25 22:04:55.454,153,9,True
2017-07-25 22:04:55.454,153,9,True
2017-07-25 22:04:55.454,153,8,True
2017-07-25 22:04:55.454,153,9,True
2017-07-25 22:04:55.454,153,9,True
2017-07-25 22:04:55.454,153,9,True
2017-07-25 22:04:56.437,153,10,True
2017-07-25 22:04:56.437,153,10,True
2017-07-25 22:04:56.437,153,10,True
2017-07-25 22:04:56.437,152,10,True
2017-07-25 22:04:56.437,153,10,True
2017-07-25 22:04:56.437,153,10,True
2017-07-25 22:04:56.437,153,10,True
2017-07-25 22:04:56.437,152,10,True
2017-07-25 22:04:57.447,152,10,True
2017-07-25 22:04:57.447,152,11,True
2017-07-25 22:04:57.447,151,11,True
2017-07-25 22:04:57.447,151,11,True
2017-07-25 22:04:57.447,152,10,True
2017-07-25 22:04:57.447,152,11,True
2017-07-25 22:04:57.447,151,11,True
2017-07-25 22:04:57.447,151,11,True
2017-07-25 22:04:58.453,151,11,True
2017-07-25 22:04:58.453,150,11,True
2017-07-25 22:04:58.453,150,11,True
2017-07-25 22:04:58.453,151,11,True
2017-07-25 22:04:58.453,151,11,True
2017-07-25 22:04:58.453,150,11,True
2017-07-25 22:04:58.453,150,11,True
2017-07-25 22:04:58.453,151,11,True
2017-07-25 22:04:59.446,151,11,True
2017-07-25 22:04:59.446,151,11,True
2017-07-25 22:04:59.446,152,11,True
2017-07-25 22:04:59.446,153,11,True
2017-07-25 22:04:59.446,151,11,True
2017-07-25 22:04:59.446,151,11,True
2017-07-25 22:04:59.446,152,11,True
2017-07-25 22:04:59.446,153,11,True
2017-07-25 22:05:00.435,153,11,True
2017-07-25 22:05:00.435,153,10,True
2017-07-25 22:05:00.435,153,10,True
2017-07-25 22:05:00.435,153,10,True
2017-07-25 22:05:00.435,153,11,True
2017-07-25 22:05:00.435,153,10,True
2017-07-25 22:05:00.435,153,10,True
2017-07-25 22:05:00.435,153,10,True
2017-07-25 22:05:01.444,153,10,True
2017-07-25 22:05:01.444,153,11,True
2017-07-25 22:05:01.444,152,11,True
2017-07-25 22:05:01.444,151,11,True
2017-07-25 22:05:01.444,153,10,True
2017-07-25 22:05:01.444,153,11,True
2017-07-25 22:05:01.444,152,11,True
2017-07-25 22:05:01.444,151,11,True
2017-07-25 22:05:02.436,151,12,True
2017-07-25 22:05:02.436,150,12,True
2017-07-25 22:05:02.436,150,12,True
2017-07-25 22:05:02.436,150,13,True
2017-07-25 22:05:02.436,151,12,True
2017-07-25 22:05:02.436,150,12,True
2017-07-25 22:05:02.436,150,12,True
2017-07-25 22:05:02.436,150,13,True
2017-07-25 22:05:03.450,150,13,True
2017-07-25 22:05:03.450,150,13,True
2017-07-25 22:05:03.450,150,13,True
2017-07-25 22:05:03.450,148,13,True
2017-07-25 22:05:03.450,150,13,True
2017-07-25 22:05:03.450,150,13,True
2017-07-25 22:05:03.450,150,13,True
2017-07-25 22:05:03.450,148,13,True
2017-07-25 22:05:04.450,148,13,True
2017-07-25 22:05:04.450,146,12,True
2017-07-25 22:05:04.450,146,12,True
2017-07-25 22:05:04.450,145,12,True
2017-07-25 22:05:04.450,148,13,True
2017-07-25 22:05:04.450,146,12,True
2017-07-25 22:05:04.450,146,12,True
2017-07-25 22:05:04.450,145,12,True
2017-07-25 22:05:05.441,144,11,True
2017-07-25 22:05:05.441,144,11,True
2017-07-25 22:05:05.441,144,11,True
2017-07-25 22:05:05.441,144,10,True
2017-07-25 22:05:05.441,144,11,True
2017-07-25 22:05:05.441,144,11,True
2017-07-25 22:05:05.441,144,11,True
2017-07-25 22:05:05.441,144,10,True
2017-07-25 22:05:06.449,144,10,True
2017-07-25 22:05:06.449,144,10,True
2017-07-25 22:05:06.449,144,10,True
2017-07-25 22:05:06.449,144,10,True
2017-07-25 22:05:06.449,144,10,True
2017-07-25 22:05:06.449,144,10,True
2017-07-25 22:05:06.449,144,10,True
2017-07-25 22:05:06.449,144,10,True
2017-07-25 22:05:07.442,144,10,True
2017-07-25 22:05:07.442,144,10,True
2017-07-25 22:05:07.442,144,10,True
2017-07-25 22:05:07.442,144,10,True
2017-07-25 22:05:07.442,144,10,True
2017-07-25 22:05:07.442,144,10,True
2017-07-25 22:05:07.442,144,10,True
2017-07-25 22:05:07.442,144,10,True
2017-07-25 22:05:08.433,144,10,True
2017-07-25 22:05:08.433,144,10,True
2017-07-25 22:05:08.433,145,10,True
2017-07-25 22:05:08.433,146,10,True
2017-07-25 22:05:08.433,144,10,True
2017-07-25 22:05:08.433,144,10,True
2017-07-25 22:05:08.433,145,10,True
2017-07-25 22:05:08.433,146,10,True
2017-07-25 22:05:09.439,146,10,True
2017-07-25 22:05:09.439,147,10,True
2017-07-25 22:05:09.439,147,10,True
2017-07-25 22:05:09.439,147,10,True
2017-07-25 22:05:09.439,146,10,True
2017-07-25 22:05:09.439,147,10,True
2017-07-25 22:05:09.439,147,10,True
2017-07-25 22:05:09.439,147,10,True
2017-07-25 22:05:10.444,148,10,True
2017-07-25 22:05:10.444,148,10,True
2017-07-25 22:05:10.444,149,10,True
2017-07-25 22:05:10.444,150,9,True
2017-07-25 22:05:10.444,148,10,True
2017-07-25 22:05:10.444,148,10,True
2017-07-25 22:05:10.444,149,10,True
2017-07-25 22:05:10.444,150,9,True
2017-07-25 22:05:11.445,150,9,True
2017-07-25 22:05:11.445,150,9,True
2017-07-25 22:05:11.445,150,9,True
2017-07-25 22:05:11.445,150,9,True
2017-07-25 22:05:11.445,150,9,True
2017-07-25 22:05:11.445,150,9,True
2017-07-25 22:05:11.445,150,9,True
2017-07-25 22:05:11.445,150,9,True
2017-07-25 22:05:12.460,151,9,True
2017-07-25 22:05:12.460,151,9,True
2017-07-25 22:05:12.460,152,8,True
2017-07-25 22:05:12.460,153,8,True
2017-07-25 22:05:12.460,151,9,True
2017-07-25 22:05:12.460,151,9,True
2017-07-25 22:05:12.460,152,8,True
2017-07-25 22:05:12.460,153,8,True
2017-07-25 22:05:13.473,153,8,True
2017-07-25 22:05:13.473,153,8,True
2017-07-25 22:05:13.473,153,8,True
2017-07-25 22:05:13.473,153,9,True
2017-07-25 22:05:13.473,153,8,True
2017-07-25 22:05:13.473,153,8,True
2017-07-25 22:05:13.473,153,8,True
2017-07-25 22:05:13.473,153,9,True
2017-07-25 22:05:14.442,153,9,True
2017-07-25 22:05:14.442,153,9,True
2017-07-25 22:05:14.442,153,9,True
2017-07-25 22:05:14.442,154,9,True
2017-07-25 22:05:14.442,153,9,True
2017-07-25 22:05:14.442,153,9,True
2017-07-25 22:05:14.442,153,9,True
2017-07-25 22:05:14.442,154,9,True
2017-07-25 22:05:15.469,156,9,True
2017-07-25 22:05:15.469,156,9,True
2017-07-25 22:05:15.469,157,8,True
2017-07-25 22:05:15.469,157,9,True
2017-07-25 22:05:15.469,156,9,True
2017-07-25 22:05:15.469,156,9,True
2017-07-25 22:05:15.469,157,8,True
2017-07-25 22:05:15.469,157,9,True
2017-07-25 22:05:16.449,157,9,True
2017-07-25 22:05:16.449,157,9,True
2017-07-25 22:05:16.449,157,9,True
2017-07-25 22:05:16.449,156,9,True
2017-07-25 22:05:16.449,157,9,True
2017-07-25 22:05:16.449,157,9,True
2017-07-25 22:05:16.449,157,9,True
2017-07-25 22:05:16.449,156,9,True
2017-07-25 22:05:17.442,156,9,True
2017-07-25 22:05:17.442,156,9,True
2017-07-25 22:05:17.442,156,9,True
2017-07-25 22:05:17.442,156,9,True
2017-07-25 22:05:17.442,156,9,True
2017-07-25 22:05:17.442,156,9,True
2017-07-25 22:05:17.442,156,9,True
2017-07-25 22:05:17.442,156,9,True
2017-07-25 22:05:18.447,156,9,True
2017-07-25 22:05:18.447,156,9,True
2017-07-25 22:05:18.447,156,9,True
2017-07-25 22:05:18.447,156,10,True
2017-07-25 22:05:18.447,156,9,True
2017-07-25 22:05:18.447,156,9,True
2017-07-25 22:05:18.447,156,9,True
2017-07-25 22:05:18.447,156,10,True
2017-07-25 22:05:19.461,156,10,True
2017-07-25 22:05:19.461,157,11,True
2017-07-25 22:05:19.461,157,11,True
2017-07-25 22:05:19.461,158,12,True
2017-07-25 22:05:19.461,156,10,True
2017-07-25 22:05:19.461,157,11,True
2017-07-25 22:05:19.461,157,11,True
2017-07-25 22:05:19.461,158,12,True
2017-07-25 22:05:20.445,158,13,True
2017-07-25 22:05:20.445,158,13,True
2017-07-25 22:05:20.445,158,13,True
2017-07-25 22:05:20.445,157,13,True
2017-07-25 22:05:20.445,158,13,True
2017-07-25 22:05:20.445,158,13,True
2017-07-25 22:05:20.445,158,13,True
2017-07-25 22:05:20.445,157,13,True
2017-07-25 22:05:21.454,157,13,True
2017-07-25 22:05:21.454,157,13,True
2017-07-25 22:05:21.454,157,12,True
2017-07-25 22:05:21.454,157,12,True
2017-07-25 22:05:21.454,157,13,True
2017-07-25 22:05:21.454,157,13,True
2017-07-25 22:05:21.454,157,12,True
2017-07-25 22:05:21.454,157,12,True
2017-07-25 22:05:22.443,157,12,True
2017-07-25 22:05:22.443,157,12,True
2017-07-25 22:05:22.443,157,12,True
2017-07-25 22:05:22.443,157,12,True
2017-07-25 22:05:22.443,157,12,True
2017-07-25 22:05:22.443,157,12,True
2017-07-25 22:05:22.443,157,12,True
2017-07-25 22:05:22.443,157,12,True
2017-07-25 22:05:23.435,157,12,True
2017-07-25 22:05:23.435,157,12,True
2017-07-25 22:05:23.435,157,12,True
2017-07-25 22:05:23.435,157,12,True
2017-07-25 22:05:23.435,157,12,True
2017-07-25 22:05:23.435,157,12,True
2017-07-25 22:05:23.435,157,12,True
2017-07-25 22:05:23.435,157,12,True
2017-07-25 22:05:24.439,157,11,True
2017-07-25 22:05:24.439,157,11,True
2017-07-25 22:05:24.439,157,11,True
2017-07-25 22:05:24.439,157,12,True
2017-07-25 22:05:24.439,157,11,True
2017-07-25 22:05:24.439,157,11,True
2017-07-25 22:05:24.439,157,11,True
2017-07-25 22:05:24.439,157,12,True
2017-07-25 22:05:25.465,157,12,True
2017-07-25 22:05:25.465,157,12,True
2017-07-25 22:05:25.465,157,12,True
2017-07-25 22:05:25.465,157,12,True
2017-07-25 22:05:25.465,157,12,True
2017-07-25 22:05:25.465,157,12,True
2017-07-25 22:05:25.465,157,12,True
2017-07-25 22:05:25.465,157,12,True
2017-07-25 22:05:26.438,157,11,True
2017-07-25 22:05:26.438,157,11,True
2017-07-25 22:05:26.438,157,11,True
2017-07-25 22:05:26.438,157,11,True
2017-07-25 22:05:26.438,157,11,True
2017-07-25 22:05:26.438,157,11,True
2017-07-25 22:05:26.438,157,11,True
2017-07-25 22:05:26.438,157,11,True
2017-07-25 22:05:27.445,157,11,True
2017-07-25 22:05:27.445,157,10,True
2017-07-25 22:05:27.445,157,10,True
2017-07-25 22:05:27.445,157,10,True
2017-07-25 22:05:27.445,157,11,True
2017-07-25 22:05:27.445,157,10,True
2017-07-25 22:05:27.445,157,10,True
2017-07-25 22:05:27.445,157,10,True
2017-07-25 22:05:28.435,157,10,True
2017-07-25 22:05:28.435,157,10,True
2017-07-25 22:05:28.435,157,10,True
2017-07-25 22:05:28.435,157,9,True
2017-07-25 22:05:28.435,157,10,True
2017-07-25 22:05:28.435,157,10,True
2017-07-25 22:05:28.435,157,10,True
2017-07-25 22:05:28.435,157,9,True
2017-07-25 22:05:29.444,157,9,True
2017-07-25 22:05:29.444,156,9,True
2017-07-25 22:05:29.444,156,9,True
2017-07-25 22:05:29.444,156,9,True
2017-07-25 22:05:29.444,157,9,True
2017-07-25 22:05:29.444,156,9,True
2017-07-25 22:05:29.444,156,9,True
2017-07-25 22:05:29.444,156,9,True
2017-07-25 22:05:30.436,155,9,True
2017-07-25 22:05:30.436,155,9,True
2017-07-25 22:05:30.436,155,9,True
2017-07-25 22:05:30.436,155,9,True
2017-07-25 22:05:30.436,155,9,True
2017-07-25 22:05:30.436,155,9,True
2017-07-25 22:05:30.436,155,9,True
2017-07-25 22:05:30.436,155,9,True
2017-07-25 22:05:31.449,155,9,True
2017-07-25 22:05:31.449,156,9,True
2017-07-25 22:05:31.449,156,9,True
2017-07-25 22:05:31.449,156,9,True
2017-07-25 22:05:31.449,155,9,True
2017-07-25 22:05:31.449,156,9,True
2017-07-25 22:05:31.449,156,9,True
2017-07-25 22:05:31.449,156,9,True
2017-07-25 22:05:32.438,157,9,True
2017-07-25 22:05:32.438,156,9,True
2017-07-25 22:05:32.438,156,9,True
2017-07-25 22:05:32.438,156,9,True
2017-07-25 22:05:32.438,157,9,True
2017-07-25 22:05:32.438,156,9,True
2017-07-25 22:05:32.438,156,9,True
2017-07-25 22:05:32.438,156,9,True
2017-07-25 22:05:33.444,155,9,True
2017-07-25 22:05:33.444,155,9,True
2017-07-25 22:05:33.444,155,9,True
2017-07-25 22:05:33.444,155,9,True
2017-07-25 22:05:33.444,155,9,True
2017-07-25 22:05:33.444,155,9,True
2017-07-25 22:05:33.444,155,9,True
2017-07-25 22:05:33.444,155,9,True
2017-07-25 22:05:34.452,155,9,True
2017-07-25 22:05:34.452,155,9,True
2017-07-25 22:05:34.452,155,9,True
2017-07-25 22:05:34.452,154,9,True
2017-07-25 22:05:34.452,155,9,True
2017-07-25 22:05:34.452,155,9,True
2017-07-25 22:05:34.452,155,9,True
2017-07-25 22:05:34.452,154,9,True
2017-07-25 22:05:35.444,154,9,True
2017-07-25 22:05:35.444,154,9,True
2017-07-25 22:05:35.444,154,9,True
2017-07-25 22:05:35.444,154,9,True
2017-07-25 22:05:35.444,154,9,True
2017-07-25 22:05:35.444,154,9,True
2017-07-25 22:05:35.444,154,9,True
2017-07-25 22:05:35.444,154,9,True
2017-07-25 22:05:36.456,154,8,True
2017-07-25 22:05:36.456,154,9,True
2017-07-25 22:05:36.456,154,9,True
2017-07-25 22:05:36.456,154,9,True
2017-07-25 22:05:36.456,154,8,True
2017-07-25 22:05:36.456,154,9,True
2017-07-25 22:05:36.456,154,9,True
2017-07-25 22:05:36.456,154,9,True
2017-07-25 22:05:37.448,154,9,True
2017-07-25 22:05:37.448,154,9,True
2017-07-25 22:05:37.448,154,9,True
2017-07-25 22:05:37.448,153,9,True
2017-07-25 22:05:37.448,154,9,True
2017-07-25 22:05:37.448,154,9,True
2017-07-25 22:05:37.448,154,9,True
2017-07-25 22:05:37.448,153,9,True
2017-07-25 22:05:38.465,153,8,True
2017-07-25 22:05:38.465,153,8,True
2017-07-25 22:05:38.465,154,8,True
2017-07-25 22:05:38.465,154,7,True
2017-07-25 22:05:38.465,153,8,True
2017-07-25 22:05:38.465,153,8,True
2017-07-25 22:05:38.465,154,8,True
2017-07-25 22:05:38.465,154,7,True
2017-07-25 22:05:39.445,155,7,True
2017-07-25 22:05:39.445,157,7,True
2017-07-25 22:05:39.445,157,7,True
2017-07-25 22:05:39.445,158,7,True
2017-07-25 22:05:39.445,155,7,True
2017-07-25 22:05:39.445,157,7,True
2017-07-25 22:05:39.445,157,7,True
2017-07-25 22:05:39.445,158,7,True
2017-07-25 22:05:40.450,159,7,True
2017-07-25 22:05:40.450,159,7,True
2017-07-25 22:05:40.450,159,7,True
2017-07-25 22:05:40.450,159,6,True
2017-07-25 22:05:40.450,159,7,True
2017-07-25 22:05:40.450,159,7,True
2017-07-25 22:05:40.450,159,7,True
2017-07-25 22:05:40.450,159,6,True
2017-07-25 22:05:41.440,159,6,True
2017-07-25 22:05:41.440,159,6,True
2017-07-25 22:05:41.440,159,5,True
2017-07-25 22:05:41.440,159,5,True
2017-07-25 22:05:41.440,159,6,True
2017-07-25 22:05:41.440,159,6,True
2017-07-25 22:05:41.440,159,5,True
2017-07-25 22:05:41.440,159,5,True
2017-07-25 22:05:42.444,159,5,True
2017-07-25 22:05:42.444,160,5,True
2017-07-25 22:05:42.444,160,5,True
2017-07-25 22:05:42.444,161,5,True
2017-07-25 22:05:42.444,159,5,True
2017-07-25 22:05:42.444,160,5,True
2017-07-25 22:05:42.444,160,5,True
2017-07-25 22:05:42.444,161,5,True
2017-07-25 22:05:43.436,162,5,True
2017-07-25 22:05:43.436,162,5,True
2017-07-25 22:05:43.436,162,5,True
2017-07-25 22:05:43.436,162,5,True
2017-07-25 22:05:43.436,162,5,True
2017-07-25 22:05:43.436,162,5,True
2017-07-25 22:05:43.436,162,5,True
2017-07-25 22:05:43.436,162,5,True
2017-07-25 22:05:44.439,162,5,True
2017-07-25 22:05:44.439,162,5,True
2017-07-25 22:05:44.439,162,4,True
2017-07-25 22:05:44.439,162,5,True
2017-07-25 22:05:44.439,162,5,True
2017-07-25 22:05:44.439,162,5,True
2017-07-25 22:05:44.439,162,4,True
2017-07-25 22:05:44.439,162,5,True
2017-07-25 22:05:45.436,162,5,True
2017-07-25 22:05:45.436,163,5,True
2017-07-25 22:05:45.436,162,5,True
2017-07-25 22:05:45.436,162,5,True
2017-07-25 22:05:45.436,162,5,True
2017-07-25 22:05:45.436,163,5,True
2017-07-25 22:05:45.436,162,5,True
2017-07-25 22:05:45.436,162,5,True
2017-07-25 22:05:46.439,162,5,True
2017-07-25 22:05:46.439,162,4,True
2017-07-25 22:05:46.439,162,4,True
2017-07-25 22:05:46.439,161,3,True
2017-07-25 22:05:46.439,162,5,True
2017-07-25 22:05:46.439,162,4,True
2017-07-25 22:05:46.439,162,4,True
2017-07-25 22:05:46.439,161,3,True
2017-07-25 22:05:47.460,161,2,True
2017-07-25 22:05:47.460,161,2,True
2017-07-25 22:05:47.460,161,1,True
2017-07-25 22:05:47.460,160,1,True
2017-07-25 22:05:47.460,161,2,True
2017-07-25 22:05:47.460,161,2,True
2017-07-25 22:05:47.460,161,1,True
2017-07-25 22:05:47.460,160,1,True
2017-07-25 22:05:48.439,160,1,True
2017-07-25 22:05:48.439,160,2,True
2017-07-25 22:05:48.439,160,2,True
2017-07-25 22:05:48.439,160,2,True
2017-07-25 22:05:48.439,160,1,True
2017-07-25 22:05:48.439,160,2,True
2017-07-25 22:05:48.439,160,2,True
2017-07-25 22:05:48.439,160,2,True
2017-07-25 22:05:49.437,160,3,True
2017-07-25 22:05:49.437,161,3,True
2017-07-25 22:05:49.437,161,3,True
2017-07-25 22:05:49.437,161,3,True
2017-07-25 22:05:49.437,160,3,True
2017-07-25 22:05:49.437,161,3,True
2017-07-25 22:05:49.437,161,3,True
2017-07-25 22:05:49.437,161,3,True
2017-07-25 22:05:50.444,161,3,True
2017-07-25 22:05:50.444,161,2,True
2017-07-25 22:05:50.444,161,2,True
2017-07-25 22:05:50.444,161,2,True
2017-07-25 22:05:50.444,161,3,True
2017-07-25 22:05:50.444,161,2,True
2017-07-25 22:05:50.444,161,2,True
2017-07-25 22:05:50.444,161,2,True
2017-07-25 22:05:51.456,161,2,True
2017-07-25 22:05:51.456,161,2,True
2017-07-25 22:05:51.456,161,2,True
2017-07-25 22:05:51.456,161,2,True
2017-07-25 22:05:51.456,161,2,True
2017-07-25 22:05:51.456,161,2,True
2017-07-25 22:05:51.456,161,2,True
2017-07-25 22:05:51.456,161,2,True
2017-07-25 22:05:52.443,161,2,True
2017-07-25 22:05:52.443,162,2,True
2017-07-25 22:05:52.443,162,2,True
2017-07-25 22:05:52.443,162,2,True
2017-07-25 22:05:52.443,161,2,True
2017-07-25 22:05:52.443,162,2,True
2017-07-25 22:05:52.443,162,2,True
2017-07-25 22:05:52.443,162,2,True
2017-07-25 22:05:53.451,162,2,True
2017-07-25 22:05:53.451,162,2,True
2017-07-25 22:05:53.451,161,1,True
2017-07-25 22:05:53.451,159,1,True
2017-07-25 22:05:53.451,162,2,True
2017-07-25 22:05:53.451,162,2,True
2017-07-25 22:05:53.451,161,1,True
2017-07-25 22:05:53.451,159,1,True
2017-07-25 22:05:54.440,159,1,True
2017-07-25 22:05:54.440,158,0,False
2017-07-25 22:05:54.440,157,0,False
2017-07-25 22:05:54.440,157,0,False
2017-07-25 22:05:54.440,159,1,True
2017-07-25 22:05:54.440,158,0,False
2017-07-25 22:05:54.440,157,0,False
2017-07-25 22:05:54.440,157,0,False
2017-07-25 22:05:55.444,158,0,False
2017-07-25 22:05:55.444,159,0,False
2017-07-25 22:05:55.444,159,0,False
2017-07-25 22:05:55.444,159,0,False
2017-07-25 22:05:55.444,158,0,False
2017-07-25 22:05:55.444,159,0,False
2017-07-25 22:05:55.444,159,0,False
2017-07-25 22:05:55.444,159,0,False
2017-07-25 22:05:56.443,160,0,False
2017-07-25 22:05:56.443,160,0,False
2017-07-25 22:05:56.443,160,0,False
2017-07-25 22:05:56.443,160,0,False
2017-07-25 22:05:56.443,160,0,False
2017-07-25 22:05:56.443,160,0,False
2017-07-25 22:05:56.443,160,0,False
2017-07-25 22:05:56.443,160,0,False
2017-07-25 22:05:57.451,160,0,False
2017-07-25 22:05:57.451,160,1,True
2017-07-25 22:05:57.451,161,1,True
2017-07-25 22:05:57.451,161,1,True
2017-07-25 22:05:57.451,160,0,False
2017-07-25 22:05:57.451,160,1,True
2017-07-25 22:05:57.451,161,1,True
2017-07-25 22:05:57.451,161,1,True
